AAAS	7.07	23s	Picturing African American	10A	Michael Chaney	N/A	N/A	N/A	N/A	N/A
AAAS	9	23s	Intro to Diaspora Studies	2	Clifford Campbell	CI	INT	N/A	N/A	N/A
AAAS	15	23s	Hist of Africa since 1800	12	Clifford Campbell	NW	SOC	HIST 066 01	N/A	NR Eligible
AAAS	35.02	23s	Disability and Madness	10A	Kianna Middleton	N/A	N/A	N/A	N/A	N/A
AAAS	39.06	23s	Hip-Hop in the US	10A	Alison Martin	CI	ART	MUS 18.02 01	N/A	NR Eligible
AAAS	51	23s	Masterpieces African Lit	12	Ayo Coly	NW	N/A	COLT 51.01 01, ENGL 53.16 01	N/A	NR Eligible
AAAS	60	23s	Slvry&Emanc LatinAmer&Carib	10A	Marvin Chochotte	NW	N/A	HIST 92.03 01, LACS 058 01	N/A	NR Eligible
AAAS	62	23s	Nat'lism & Revolution Carib	2A	Marvin Chochotte	NW	N/A	HIST 92.02 01	N/A	N/A
AAAS	80.06	23s	Civil Rights US in 20thC	11	Darryl Barthe	CI	SOC	HIST 022 01	N/A	N/A
AAAS	81.08	23s	Black Women Creative Archv	2A	Kianna Middleton	W	ART	WGSS 66.23 01	N/A	N/A
AAAS	89	23s	Readngs in Af/Af-Am Studies	ARR	Michael Chaney	N/A	N/A	N/A	N/A	N/A
AAAS	97	23s	Senior Ind Research in AAAS	ARR	Michael Chaney	N/A	N/A	N/A	N/A	N/A
AAAS	98	23s	Honors Thesis	ARR	Michael Chaney	N/A	N/A	N/A	N/A	N/A
AAAS	99	23s	Honors Thesis	ARR	Michael Chaney	N/A	N/A	N/A	N/A	N/A
ANTH	5	23s	Introduction to Archaeology	10	Jiajing Wang	N/A	SOC	N/A	N/A	NR Eligible
ANTH	7.05	23s	Animals and Humans	9L	Laura Ogden	N/A	N/A	N/A	N/A	N/A
ANTH	9	23s	Language & Culture	10A	Sabrina Billings	N/A	SOC	N/A	N/A	N/A
ANTH	14	23s	Death and Dying	2	Sergei Kan	N/A	N/A	N/A	N/A	NR Eligible
ANTH	40	23s	Human Functional Anatomy	2A	Nathaniel Dominy	N/A	SLA	N/A	N/A	NR Eligible
ANTH	44	23s	Language,Gender & Sexuality	2A	Sabrina Billings	N/A	SOC	WGSS 53.07 01	N/A	N/A
ANTH	50.17	23s	Rites of Passage	6B	Sienna Craig, Manish Mishra	CI	SOC	N/A	N/A	NR Eligible
ANTH	50.34	23s	Peoples of Oceania	12	Meredith Ferguson	NW	N/A	N/A	N/A	NR Eligible
ANTH	50.37	23s	Archaeologies of Religion	11	Darryl Wilkinson	NW	N/A	REL 20.07 01	N/A	N/A
ANTH	50.48	23s	Energy Justice	10A	Sarah Kelly	N/A	N/A	GEOG 40.04 01	N/A	N/A
ANTH	50.52	23s	Anthropology of Innovations	2A	Hiroko Kumaki	N/A	SOC	N/A	N/A	N/A
ANTH	50.53	23s	The Ancient Silk Road	3B	Zachary Silvia	NW	N/A	N/A	N/A	N/A
ANTH	50.54	23s	Issues in Paleoanthropology	2A	Jennifer Eyre	N/A	SLA	N/A	N/A	N/A
ANTH	50.55	23s	Beyond the Binary	9L	Luisa Rivera	CI	N/A	N/A	N/A	NR Eligible
ANTH	50.56	23s	Anthropology of Food	10	Charis Boke	CI	INT	N/A	N/A	NR Eligible
ANTH	55	23s	Anthropology of Global Hlth	11	Anne Sosin	N/A	N/A	N/A	N/A	NR Eligible
ANTH	64	23s	Evolution of Pregnancy	10A	Jennifer Eyre	N/A	N/A	N/A	N/A	NR Eligible
ANTH	73	23s	Main Currents in Anth	11	Laura Ogden	N/A	SOC	N/A	N/A	N/A
ANTH	74	23s	The Human Spectrum	10A	Nathaniel Dominy	NW	SOC	N/A	N/A	N/A
ANTH	85	23s	Reading Course	ARR	Jeremy DeSilva	N/A	N/A	N/A	N/A	N/A
ANTH	87	23s	Research Course	ARR	Jeremy DeSilva	N/A	N/A	N/A	N/A	N/A
ANTH	88	23s	Anthropology Honors	ARR	Jeremy DeSilva	N/A	N/A	N/A	N/A	N/A
ARAB	3	23s	First Yr Courses in Arabic	9S	Jamila Chahboun	N/A	N/A	N/A	N/A	N/A
ARAB	3	23s	First Yr Courses in Arabic	9S	El Mostafa Ouajjani	N/A	N/A	N/A	N/A	N/A
ARAB	23	23s	Intermediate Arabic	10	El Mostafa Ouajjani	NW	N/A	N/A	LADV	N/A
ARAB	34	23s	Media Arabic	10	Jamila Chahboun	NW	LIT	N/A	LADV	NR Eligible
ARAB	43.01	23s	Adv Arab Con & Reading	ARR	Hussein Kadhim	NW	LIT	N/A	N/A	NR Eligible
ARTH	4	23s	Intro to World Architecture	11	Nicola Camerlenghi, Adedoyin Teriba	N/A	ART	N/A	N/A	N/A
ARTH	7.02	23s	Paris in the 19th Century	2	Kristin O'Rourke	N/A	N/A	N/A	N/A	N/A
ARTH	20.04	23s	Faith and Empire	2A	N/A	W	ART	N/A	N/A	N/A
ARTH	26.01	23s	FSP: History of Art in Rome	FS	Ada Cohen	N/A	ART	N/A	N/A	N/A
ARTH	26.02	23s	FSP: Early Modern Arch Rome	FS	Ada Cohen	W	ART	N/A	N/A	N/A
ARTH	26.03	23s	Language & Culture of Rome	FS	N/A	N/A	ART	N/A	N/A	N/A
ARTH	34.02	23s	Chinese Painting	10A	Ziliang Liu	NW	ART	ASCL 62.03 01	N/A	N/A
ARTH	38.04	23s	Food & Art: Global History	12	Nicola Camerlenghi	N/A	N/A	N/A	N/A	N/A
ARTH	40.05	23s	Print the Revolution!	12	Mary Coffey	CI	ART	N/A	N/A	N/A
ARTH	41.01	23s	Modernism and Modernity	10	Katherine Hornstein	W	ART	N/A	N/A	N/A
ARTH	42.02	23s	Postwar Art from Mid East	10A	N/A	NW	N/A	MES 12.16 01	N/A	N/A
ARTH	62.3	23s	Japanese Prints	10	Allen Hockley	NW	ART	ASCL 62.12 01	N/A	N/A
ARTH	63.72	23s	Aesthetics of the Digital	10A	Chad Elias	N/A	N/A	N/A	N/A	N/A
ARTH	83.06	23s	Art and Life!	3A	Katherine Hornstein	W	ART	N/A	N/A	N/A
ARTH	92	23s	Honors II	ARR	Katherine Hornstein	N/A	N/A	N/A	N/A	N/A
ASCL	10.01	23s	Intro to Chinese Culture	11	Levi Gibbs, Qiong Xie	CI	LIT	N/A	N/A	NR Eligible
ASCL	10.03	23s	Intro Japanese Culture	11	Dennis Washburn	CI	LIT	N/A	N/A	NR Eligible
ASCL	51.06	23s	Buddhism Sex Gender SE Asia	3A	Sara Swenson	NW	TMV	REL 41.07 01	N/A	N/A
ASCL	51.08	23s	Buddhist Philosophy	2	Gregory Seton	NW	TMV	PHIL 01.20 01, REL 41.08 01	N/A	N/A
ASCL	52.01	23s	Music and Dance of N. India	2A	Theodore Levin, Sandeep Das	NW	ART	MUS 17.02 01	N/A	N/A
ASCL	54.08	23s	ColIndia to Post Ind SoAsia	12	Douglas Haynes	NW	N/A	HIST 076 01	N/A	NR Eligible
ASCL	60.2	23s	Lang of Gender,Class,Nation	12	Sachi Schmidt-Hori	NW	N/A	N/A	LRP	N/A
ASCL	60.2	23s	Lang of Gender,Class,Nation	2	Sachi Schmidt-Hori	NW	N/A	N/A	LRP	N/A
ASCL	62.02	23s	Trad Performance in China	12	Levi Gibbs	NW	LIT	N/A	N/A	N/A
ASCL	62.03	23s	Chinese Painting	10A	Ziliang Liu	NW	ART	ARTH 34.02 01	N/A	N/A
ASCL	62.12	23s	Japanese Prints	10	Allen Hockley	NW	ART	ARTH 62.30 01	N/A	N/A
ASCL	64.05	23s	The Two Koreas,1948-Present	12	Soyoung Suh	NW	SOC	HIST 78.03 01	N/A	N/A
ASCL	70.09	23s	Global Sounds	10A	Theodore Levin	NW	ART	MUS 004 01	N/A	N/A
ASCL	70.12	23s	Lit & Cul Asian Borderlands	2	Qiong Xie	NW	N/A	N/A	N/A	N/A
ASCL	70.2	23s	Buddhist Meditation Theory	10	Gregory Seton	NW	TMV	REL 41.04 01	N/A	N/A
ASCL	80.09	23s	War and Peace in Korea	10A	Soyoung Suh	NW	SOC	HIST 96.40 01	N/A	N/A
ASCL	89	23s	Independent Research	ARR	Allen Hockley	N/A	N/A	N/A	N/A	N/A
ASCL	90	23s	Honors Thesis I	ARR	Allen Hockley	N/A	N/A	N/A	N/A	N/A
ASCL	91	23s	Honors Thesis II	ARR	Allen Hockley	N/A	N/A	N/A	N/A	N/A
ASTR	4	23s	Dvlpmt Astronomical Thought	10	Marcelo Gleiser	N/A	SCI	N/A	N/A	NR Eligible
ASTR	15	23s	Stars & the Milky Way	10A	Burcin Mutlu-Pakdil	N/A	SCI	N/A	N/A	NR Eligible
ASTR	87	23s	Undergrad Res in Astronomy	ARR	Ryan Hickox	N/A	N/A	N/A	N/A	N/A
BIOL	3	23s	Mindful Physiology	2A	Diane Gilbert-Diamond	N/A	N/A	N/A	N/A	N/A
BIOL	7.02	23s	Biology:Politicized Topics	9L	Brittny Calsbeek	N/A	N/A	N/A	N/A	N/A
BIOL	11.08	23s	Animal Minds	10	Thomas Jack, Mark Laidre	N/A	SCI	N/A	N/A	N/A
BIOL	12	23s	Cell Structure and Function	9L	Bing He	N/A	SLA	N/A	N/A	NR Eligible
BIOL	16	23s	Ecology	10	Matthew Ayres	N/A	SLA	N/A	N/A	NR Eligible
BIOL	26	23s	Global Change Biology	12	Caitlin Pries	N/A	SCI	N/A	N/A	N/A
BIOL	37	23s	Endocrinology	10A	Lee Witters	N/A	SCI	N/A	N/A	NR Eligible
BIOL	43	23s	Developmental Biology	10	Erik Griffin	N/A	SCI	N/A	N/A	NR Eligible
BIOL	46	23s	Microbiology	12	Carey Nadell, George O'Toole, David Leib	N/A	SLA	N/A	N/A	NR Eligible
BIOL	50.02	23s	Ecol of Infectious Disease	2	Kathryn Cottingham	N/A	SCI	N/A	N/A	N/A
BIOL	58	23s	Advanced Community Ecology	10	Mark McPeek	N/A	SCI	N/A	N/A	NR Eligible
BIOL	69	23s	Cell Signaling	10A	Patrick Dolph	N/A	SCI	N/A	N/A	NR Eligible
BIOL	71	23s	Current Topics in Cell Biol	2	Wei Lih Lee	N/A	SCI	N/A	N/A	NR Eligible
BIOL	74.03	23s	Comp Model of Nervous Sys	10A	Aman Aberra	N/A	SCI	N/A	N/A	N/A
BIOL	95	23s	Ind Research Biology I	ARR	Natasha Grotz	N/A	N/A	N/A	N/A	N/A
BIOL	96	23s	Ind Research Biology II	ARR	Natasha Grotz	N/A	N/A	N/A	N/A	N/A
BIOL	97	23s	Honors Research Biology I	ARR	Natasha Grotz	N/A	N/A	N/A	N/A	N/A
BIOL	98	23s	Honors Research Biology II	ARR	Natasha Grotz	N/A	N/A	N/A	N/A	N/A
BIOL	99	23s	Senior Seminar in Biology	2A	George Schaller	N/A	N/A	N/A	N/A	N/A
CHIN	3	23s	First Yr Courses in Chinese	10	Alan Li	N/A	N/A	N/A	N/A	N/A
CHIN	3	23s	First Yr Courses in Chinese	2	Alan Li	N/A	N/A	N/A	N/A	N/A
CHIN	23	23s	Intermediate Modern Chinese	9S	Yuhui Lyu	NW	LIT	N/A	LADV	N/A
CHIN	33	23s	Adv Chinese (3rd Yr Level)	10	Yuhui Lyu	NW	LIT	N/A	LADV	N/A
CHIN	40.04	23s	AdvCHIN for Commerce & Econ	10	Lei Yan	N/A	N/A	N/A	LADV	N/A
CHIN	49	23s	Ind Adv Study in Chinese	ARR	Allen Hockley	NW	LIT	N/A	N/A	N/A
CLST	2	23s	Tragedy&Comedy Greece&Rome	2	Florencia Foxley	W	ART	THEA 012 01	N/A	NR Eligible
CLST	7.12	23s	Foodstuffs in Antiquity	11	Julie Hruby	N/A	N/A	N/A	N/A	N/A
CLST	10.13	23s	New Testament	10	Lindsay Whaley	W	TMV	N/A	N/A	N/A
CLST	11.02	23s	Rediscovering Sparta	12	Paul Christesen	W	TAS	N/A	N/A	N/A
CLST	20	23s	Grk Archaeology 1st Hominid	2	Julie Hruby	W	SOC	N/A	N/A	N/A
CLST	24	23s	The Birth of Rome	11	Roger Ulrich	W	SOC	N/A	N/A	N/A
CLST	85	23s	Independ Reading & Research	ARR	Margaret Graver	N/A	N/A	N/A	N/A	N/A
CLST	88	23s	Thesis II	ARR	Margaret Graver	N/A	N/A	N/A	N/A	N/A
COCO	21	23s	What's in Your Shoebox?	10A	Francine A'Ness, Mokhtar Bouba	CI	SOC	N/A	N/A	N/A
COCO	39	23s	History Culture Labor Camps	11	Sergei Kan	W	SOC	GOVT 40.31 01	N/A	N/A
COGS	1	23s	Intro to Cognitive Science	11	David Kraemer, Jonathan Phillips	N/A	SOC	N/A	N/A	N/A
COGS	2	23s	Cognitive Psychology	2	Viola Stoermer	N/A	SOC	PSYC 028 01	N/A	N/A
COGS	26	23s	Philosophy and Computers	12	Erik Nelson	N/A	TAS	PHIL 026 01	N/A	NR Eligible
COGS	33	23s	The Reading Brain	9L	Donna Coch	N/A	SOC	EDUC 050 01, LING 11.19 01, PSYC 52.09 01	N/A	N/A
COGS	80	23s	Cog Science Major Seminar	11	Samantha Wray	N/A	N/A	N/A	N/A	N/A
COGS	81	23s	Cog Sci Major Seminar II	11	Samantha Wray	N/A	SOC	N/A	N/A	N/A
COGS	85	23s	Independent Study&Research	ARR	David Kraemer	N/A	N/A	N/A	N/A	N/A
COGS	86	23s	Honors Research	ARR	David Kraemer	N/A	N/A	N/A	N/A	N/A
COGS	87	23s	Honors Thesis	ARR	David Kraemer	N/A	N/A	N/A	N/A	N/A
COLT	7.2	23s	Global Traditions of Puppetry	3B	Michael Wyatt	N/A	N/A	N/A	N/A	N/A
COLT	10.27	23s	Border Crossings	11	Ayo Coly	W	N/A	N/A	N/A	N/A
COLT	35.03	23s	Mid East Cultures Americas	3A	Eman Morsi	NW	N/A	MES 16.06 01	N/A	N/A
COLT	35.05	23s	Stories on My Mind	12	Paul Carranza	W	LIT	N/A	N/A	N/A
COLT	39.03	23s	European Fairy Tales	10	Nancy Canepa	W	LIT	FRIT 37.04 01	N/A	NR Eligible
COLT	51.01	23s	Masterpieces African Lit	12	Ayo Coly	NW	N/A	AAAS 051 01, ENGL 53.16 01	N/A	NR Eligible
COLT	51.04	23s	Languag&Rebellion: Arab Lit	2A	Hoda Barakat	NW	N/A	MES 15.09 01	N/A	N/A
COLT	52.05	23s	On Survivors and Memories	2	Carlos Cortez Minchillo	NW	LIT	LACS 44.40 01	N/A	N/A
COLT	53.06	23s	Arab Feminisms	3B	Eman Morsi	NW	N/A	MES 19.03 01, WGSS 24.01 01	N/A	N/A
COLT	57.13	23s	Travelers and Tourists	11	Heidi Denzel	W	INT	FILM 42.23 01	N/A	N/A
COLT	62.09	23s	Media and Migration	2A	Roopika Risam	N/A	N/A	FILM 48.06 01	N/A	N/A
COLT	63.02	23s	Modern Conspiracy	10A	Lynn Patyk	W	N/A	RUSS 38.10 01	N/A	NR Eligible
COLT	67.07	23s	Times of Crisis	12	Annabel Martin	CI	SOC	INTS 17.16 01, WGSS 66.01 01	N/A	N/A
COLT	70.06	23s	Computational CompLit	10A	Laura Chapot	N/A	N/A	QSS 30.22 01	LRP	N/A
COLT	87	23s	Tutorial Thesis	ARR	Yuliya Komska	N/A	N/A	N/A	N/A	N/A
COSC	1	23s	Intro Programming&Computatn	12	Andrew Campbell	N/A	TLA	N/A	N/A	NR Eligible
COSC	2	23s	Program Interactive AV Art	2	Michael Casey	N/A	TLA	MUS 008 01	N/A	NR Eligible
COSC	10	23s	ProbSolving:Object-Oriented	10	Devin Balkcom	N/A	TLA	N/A	N/A	NR Eligible
COSC	21	23s	Foundations: Digital Design	10A	James Mahoney	N/A	ART	N/A	N/A	N/A
COSC	25.01	23s	Intro to UI/UX Design I	3A	Lorie Loeb	N/A	ART	N/A	N/A	N/A
COSC	25.02	23s	Intro to UI/UX Design II	ARR	Lorie Loeb	N/A	ART	N/A	N/A	N/A
COSC	27	23s	Projects in Digital Arts	2A	James Mahoney	N/A	ART	N/A	N/A	N/A
COSC	28	23s	Adv Projects in Digital Art	ARR	Lorie Loeb	N/A	N/A	N/A	N/A	N/A
COSC	30	23s	Discrete Math Computer Sci	2	Hsien-Chih Chang	N/A	QDS	ENGS 066 01	N/A	N/A
COSC	31	23s	Algorithms	2A	Amit Chakrabarti	N/A	QDS	N/A	N/A	N/A
COSC	34	23s	Randomized Algorithms	10	Deeparnab Chakrabarty	N/A	QDS	N/A	N/A	N/A
COSC	49.02	23s	Topics-Probability Theory	9L	Peter Winkler	N/A	QDS	N/A	N/A	NR Eligible
COSC	50	23s	Software Design&Implement'n	9L	Charles Palmer	N/A	TLA	ENGS 050 01	N/A	N/A
COSC	52	23s	Full-Stack Web Development	2	Tim Tregubov	N/A	TAS	N/A	N/A	N/A
COSC	56	23s	Digital Electronics	12	Geoffrey Luke	N/A	TLA	ENGS 031 01	N/A	N/A
COSC	57	23s	Compilers	12	Vasanta Lakshmi Kommineni	N/A	TAS	N/A	N/A	N/A
COSC	67	23s	Human-Computer Interaction	12	Temiloluwa Prioleau	N/A	TAS	N/A	N/A	N/A
COSC	72	23s	Accelerated Comp Linguistic	11	Rolando Coto Solano	N/A	TAS	LING 048 01	N/A	N/A
COSC	72	23s	Accelerated Comp Linguistic	2	Rolando Coto Solano	N/A	TAS	LING 048 02	N/A	N/A
COSC	73	23s	Computational Photography	3A	Adithya Pediredla	N/A	TAS	N/A	N/A	N/A
COSC	74	23s	Machine Lrng&Stat Analysis	10A	Sarah Masud Preum	N/A	QDS	N/A	N/A	N/A
COSC	77	23s	Computer Graphics	2	Wojciech Jarosz	N/A	TAS	N/A	N/A	N/A
COSC	81	23s	Princpls Robot Dsgn&Prgming	12	Alberto Quattrini Li	N/A	TLA	N/A	N/A	N/A
COSC	89.29	23s	Music and AI	10A	Michael Casey	W	TAS	MUS 14.05 01	N/A	N/A
COSC	89.3	23s	Video Understanding	3A	Souyoung Jin	N/A	TAS	N/A	N/A	N/A
COSC	94	23s	Reading Course	ARR	Andrew Campbell	N/A	N/A	N/A	N/A	N/A
COSC	98.02	23s	Sr. Design&Impl Project II	3A	Tim Tregubov	N/A	N/A	N/A	N/A	N/A
COSC	98.02	23s	Sr. Design&Impl Project II	3A	Natalie Svoboda	N/A	N/A	N/A	N/A	N/A
COSC	99.01	23s	Thesis Research I	ARR	Andrew Campbell	N/A	N/A	N/A	N/A	N/A
COSC	99.02	23s	Thesis Research II	ARR	Andrew Campbell	N/A	N/A	N/A	N/A	N/A
CRWT	10	23s	Writing and Reading Fiction	10A	Thomas O'Malley	N/A	ART	N/A	N/A	NR Eligible
CRWT	11	23s	Writ&Read Creative Nonfict	3A	Alexander Chee	N/A	ART	N/A	N/A	NR Eligible
CRWT	12	23s	Writing and Reading Poetry	2A	Matthew Olzmann	N/A	ART	N/A	N/A	N/A
CRWT	20	23s	Intermediate Fiction I	2A	Katherine Crouch	N/A	ART	N/A	N/A	N/A
CRWT	21	23s	Intermed Creative Nonfict I	10A	Jeffrey Sharlet	N/A	ART	N/A	N/A	N/A
CRWT	22	23s	Intermediate Poetry I	3B	Matthew Olzmann	N/A	ART	N/A	N/A	N/A
CRWT	40.08	23s	Dystopian Visions	2A	Thomas O'Malley	W	ART	N/A	N/A	N/A
CRWT	41.01	23s	Writing for Television	10A	Eugenie Carabatsos	N/A	ART	FILM 44.10 01	N/A	N/A
CRWT	60	23s	SrWrkshp:CreativeWrt-Fict	10A	Peter Orner	N/A	ART	N/A	N/A	N/A
CRWT	89	23s	Creative Writing Project	ARR	Thomas O'Malley	N/A	ART	N/A	N/A	N/A
CRWT	99	23s	Honors Course II	ARR	Thomas O'Malley	N/A	N/A	N/A	N/A	N/A
EARS	1	23s	How the Earth Works	10	Sarah Slotznick, Edward Meyer	N/A	SLA	N/A	N/A	NR Eligible
EARS	33	23s	ErthSurfaceProcessLandforms	2	Joanmarie Del Vecchio	N/A	SLA	GEOG 17.01 01	N/A	NR Eligible
EARS	34	23s	Biogeochemical Cycles	9L	William Leavitt	N/A	SCI	N/A	N/A	NR Eligible
EARS	52	23s	Structural Geology	11	Leslie Sonder	N/A	SLA	N/A	N/A	N/A
EARS	65	23s	Remote Sensing	10A	David Lutz	N/A	TLA	N/A	N/A	NR Eligible
EARS	73	23s	Isotopic Tracers in Env Sci	10A	Xiahong Feng	N/A	SLA	N/A	N/A	N/A
EARS	86	23s	Special Projects	ARR	Robert Hawley	N/A	N/A	N/A	N/A	N/A
EARS	87	23s	Culminating Experience	ARR	Robert Hawley	N/A	N/A	N/A	N/A	N/A
EARS	89	23s	Thesis Research I	ARR	Robert Hawley	N/A	N/A	N/A	N/A	N/A
EARS	90	23s	Thesis Research II	ARR	Robert Hawley	N/A	N/A	N/A	N/A	N/A
ECON	1	23s	The Price System	10A	Elisabeth Curtis	N/A	SOC	N/A	N/A	N/A
ECON	1	23s	The Price System	2A	Elisabeth Curtis	N/A	SOC	N/A	N/A	N/A
ECON	1	23s	The Price System	10A	Diego Ramos Toro	N/A	SOC	N/A	N/A	N/A
ECON	1	23s	The Price System	2A	Diego Ramos Toro	N/A	SOC	N/A	N/A	N/A
ECON	2	23s	Econ Principles & Policies	12	David Blanchflower	N/A	SOC	N/A	N/A	NR Eligible
ECON	10	23s	Intro Statistical Methods	10	Ha Yan Lee	N/A	QDS	N/A	N/A	N/A
ECON	10	23s	Intro Statistical Methods	11	Maura Doyle	N/A	QDS	N/A	N/A	N/A
ECON	10	23s	Intro Statistical Methods	12	Maura Doyle	N/A	QDS	N/A	N/A	N/A
ECON	16	23s	Regulation	10A	John Welborn	N/A	SOC	N/A	N/A	N/A
ECON	20	23s	Econometrics	10A	Steven Mello	N/A	QDS	N/A	N/A	N/A
ECON	20	23s	Econometrics	2A	Steven Mello	N/A	QDS	N/A	N/A	N/A
ECON	21	23s	Microeconomics	11	Alan Gustman	N/A	SOC	N/A	N/A	N/A
ECON	21	23s	Microeconomics	12	Alan Gustman	N/A	SOC	N/A	N/A	N/A
ECON	22	23s	Macroeconomics	9L	James Feyrer	N/A	SOC	N/A	N/A	N/A
ECON	22	23s	Macroeconomics	10	James Feyrer	N/A	SOC	N/A	N/A	N/A
ECON	24	23s	Development Economics	10A	Paul Novosad	NW	N/A	N/A	N/A	N/A
ECON	24	23s	Development Economics	2A	Paul Novosad	NW	N/A	N/A	N/A	N/A
ECON	26	23s	Intermediaries and Markets	12	Jonathan Zinman	N/A	SOC	N/A	N/A	N/A
ECON	26	23s	Intermediaries and Markets	2	Jonathan Zinman	N/A	SOC	N/A	N/A	N/A
ECON	28	23s	Public Finance and Policy	11	Erzo Luttmer	N/A	SOC	N/A	N/A	N/A
ECON	28	23s	Public Finance and Policy	12	Erzo Luttmer	N/A	SOC	N/A	N/A	N/A
ECON	29	23s	Intl Fin & Open-Econ Macro	10	Matthew Grant	N/A	N/A	N/A	N/A	N/A
ECON	29	23s	Intl Fin & Open-Econ Macro	2	Matthew Grant	N/A	N/A	N/A	N/A	N/A
ECON	37	23s	Gender and Family Issues	9L	Claudia Olivetti	N/A	SOC	N/A	N/A	N/A
ECON	37	23s	Gender and Family Issues	10	Claudia Olivetti	N/A	SOC	N/A	N/A	N/A
ECON	38	23s	Economics of Governments	11	Elizabeth Cascio	N/A	SOC	N/A	N/A	N/A
ECON	38	23s	Economics of Governments	12	Elizabeth Cascio	N/A	SOC	N/A	N/A	N/A
ECON	39	23s	International Trade	9L	Robert Staiger	N/A	N/A	N/A	N/A	N/A
ECON	39	23s	International Trade	10	Robert Staiger	N/A	N/A	N/A	N/A	N/A
ECON	64	23s	Topics Developing Economics	11	Eric Edmonds	NW	N/A	N/A	N/A	N/A
ECON	64	23s	Topics Developing Economics	12	Eric Edmonds	NW	N/A	N/A	N/A	N/A
ECON	65	23s	Topics Industrial Orgnizatn	10A	Tomas Jagelka	N/A	SOC	N/A	N/A	N/A
ECON	65	23s	Topics Industrial Orgnizatn	2A	Tomas Jagelka	N/A	SOC	N/A	N/A	N/A
ECON	66	23s	Topics in Money and Finance	11	Bruce Sacerdote	N/A	SOC	N/A	N/A	N/A
ECON	66	23s	Topics in Money and Finance	12	Apoorv Gupta	N/A	SOC	N/A	N/A	N/A
ECON	66	23s	Topics in Money and Finance	2	Apoorv Gupta	N/A	SOC	N/A	N/A	N/A
ECON	69	23s	Topics International Econ	9L	Nina Pavcnik	N/A	N/A	N/A	N/A	N/A
ECON	69	23s	Topics International Econ	10	Nina Pavcnik	N/A	N/A	N/A	N/A	N/A
ECON	76	23s	Financial Crisis	11	David Blanchflower	N/A	N/A	N/A	N/A	N/A
ECON	81	23s	Adv Topics Microeconomics	10A	Christopher Snyder	N/A	SOC	N/A	N/A	N/A
ECON	85	23s	Independ Study in Economics	9L	James Feyrer	N/A	N/A	N/A	N/A	N/A
ECON	85	23s	Independ Study in Economics	2A	James Feyrer	N/A	N/A	N/A	N/A	N/A
ECON	87.01	23s	Senior Thesis Collaborative	10	Bruce Sacerdote	N/A	N/A	N/A	N/A	N/A
EDUC	1	23s	Introduction to Education	10A	Donna Coch	N/A	SOC	N/A	N/A	N/A
EDUC	27	23s	Impact of Poverty on Educ	11	Michele Tine	N/A	SOC	SOCY 024 01	N/A	N/A
EDUC	35	23s	Affirmative Action in HEduc	10A	Melissa Herman	CI	SOC	GOVT 30.12 01, PBPL 027 01	N/A	N/A
EDUC	50	23s	The Reading Brain	9L	Donna Coch	N/A	SOC	COGS 033 01, LING 11.19 01, PSYC 52.09 01	N/A	N/A
ENGL	3	23s	Literary History III	3B	Nirvana Tanoukhi	W	LIT	N/A	N/A	N/A
ENGL	6	23s	Journalism	10	Alexis Jetter	W	LIT	N/A	N/A	NR Eligible
ENGL	7.16	23s	Investigative Memoir	2A	Jeffrey Sharlet	N/A	N/A	N/A	N/A	N/A
ENGL	7.6	23s	The Art of the Essay	12	Alexander Chee	N/A	N/A	N/A	N/A	N/A
ENGL	7.61	23s	Engaging Memes	2A	Nirvana Tanoukhi	N/A	N/A	N/A	N/A	N/A
ENGL	11	23s	Chaucer: Canterbury Tales	12	Monika Otter	W	LIT	N/A	N/A	NR Eligible
ENGL	34	23s	Modern American Drama	11	Donald Pease	W	LIT	N/A	N/A	NR Eligible
ENGL	37	23s	Contemporary Amer Poetry	2A	Shalene Moodie	W	LIT	N/A	N/A	NR Eligible
ENGL	52.16	23s	God & Darwin	10	Christie Harner	W	TMV	N/A	N/A	NR Eligible
ENGL	52.19	23s	Poverty in Am Lit 1861-1925	11	Colleen Boggs	W	LIT	N/A	N/A	NR Eligible
ENGL	53.16	23s	Masterpieces African Lit	12	Ayo Coly	NW	N/A	AAAS 051 01, COLT 51.01 01	N/A	NR Eligible
ENGL	55.01	23s	Mod American Women Poets	2	Melissa Zeiger	W	LIT	WGSS 47.03 01	N/A	NR Eligible
ENGL	61.03	23s	EarlyModLit&HistofSexuality	10A	Matthew Ritger	W	LIT	WGSS 66.20 01	N/A	N/A
ENGL	62.05	23s	HorrorsofSurvival:ModAmLit	2	James Godley	W	LIT	N/A	N/A	NR Eligible
ENGL	63.3	23s	Trans Gender Literatures	3A	Reuven Goldberg	CI	LIT	N/A	N/A	NR Eligible
ENGL	65.01	23s	Walking	11	George Edmondson	W	LIT	N/A	N/A	N/A
ENGL	71.16	23s	Shakespeare Problem Plays	3B	Matthew Ritger	W	LIT	N/A	N/A	N/A
ENGL	73.05	23s	GlblAnglphn NobelPrize Writ	10A	Shalene Moodie	N/A	LIT	N/A	N/A	NR Eligible
ENGL	74.02	23s	Understanding Biopolitics	2	George Edmondson	CI	LIT	N/A	N/A	N/A
ENGL	74.12	23s	Garden Politics	11	Melissa Zeiger	W	LIT	N/A	N/A	N/A
ENGL	96	23s	Reading Course	ARR	Peter Orner	N/A	N/A	N/A	N/A	N/A
ENGL	98	23s	Honors Course I	ARR	Peter Orner	N/A	N/A	N/A	N/A	N/A
ENGL	99	23s	Honors Course II	6B	Peter Orner	N/A	N/A	N/A	N/A	N/A
ENGS	6	23s	Technology & Biosecurity	2A	N/A	N/A	TAS	N/A	N/A	NR Eligible
ENGS	7.02	23s	Climate Change	10	N/A	N/A	N/A	N/A	N/A	N/A
ENGS	9	23s	Everyday Technology	11	Scott Davis	N/A	TLA	N/A	N/A	N/A
ENGS	12	23s	Design Thinking	10A	Peter Robbie	N/A	TAS	N/A	N/A	N/A
ENGS	15	23s	Undergrad Investigations	ARR	Douglas Van Citters	N/A	TAS	N/A	N/A	NR Eligible
ENGS	15.02	23s	Senior Design Challenge II	3B	Eugene Korsunskiy	N/A	TAS	N/A	N/A	N/A
ENGS	19.01	23s	Future of Energy Systems	2A	Steven Peterson	N/A	TAS	N/A	N/A	N/A
ENGS	20	23s	Intro Scientific Computing	12	Petra Taylor	N/A	TAS	N/A	N/A	N/A
ENGS	21	23s	Intro to Engineering	10A	Elizabeth Murnane	N/A	TAS	N/A	N/A	N/A
ENGS	22	23s	Systems	9L	Xiaojing Zhang, Ulf Osterberg	N/A	TLA	N/A	N/A	N/A
ENGS	23	23s	Distributed Systems&Fields	9L	N/A	N/A	TAS	N/A	N/A	N/A
ENGS	24	23s	Science of Materials	10	N/A	N/A	TLA	N/A	N/A	N/A
ENGS	25	23s	Intro to Thermodynamics	2	Xin Qi	N/A	TAS	N/A	N/A	N/A
ENGS	26	23s	Control Theory	9L	Minh Phan	N/A	TAS	N/A	N/A	N/A
ENGS	31	23s	Digital Electronics	12	Geoffrey Luke	N/A	TLA	COSC 056 01	N/A	N/A
ENGS	32	23s	Electrncs:Lnr&Dgtl Circuits	11	Charles Sullivan	N/A	TLA	PHYS 048 01	N/A	N/A
ENGS	34	23s	Fluid Mechanics	9L	Colin Meyer	N/A	TLA	N/A	N/A	N/A
ENGS	44	23s	Sustainable Design	10A	Karolina Kawiaka	N/A	TAS	N/A	N/A	N/A
ENGS	50	23s	Software Design&Implement'n	9L	Charles Palmer	N/A	TLA	COSC 050 01	N/A	N/A
ENGS	56	23s	Intro Biomed. Engineering	2	N/A	N/A	TAS	N/A	N/A	N/A
ENGS	57	23s	Intermediate Biomed Engg	10	Ryan Halter	N/A	TAS	N/A	N/A	N/A
ENGS	66	23s	Discrete Math Computer Sci	2	Hsien-Chih Chang	N/A	QDS	COSC 030 01	N/A	N/A
ENGS	71	23s	Structural Analysis	10	Vicki May	N/A	TAS	N/A	N/A	N/A
ENGS	75	23s	Product Design	2A	Peter Robbie	N/A	TAS	N/A	N/A	N/A
ENGS	84	23s	Reading Course	ARR	Douglas Van Citters	N/A	N/A	N/A	N/A	N/A
ENGS	85.09	23s	Intro to Comp Matls & Engg	11	Geoffroy Hautier	N/A	N/A	N/A	N/A	N/A
ENGS	86	23s	Independent Project	ARR	Douglas Van Citters	N/A	N/A	N/A	N/A	N/A
ENGS	87	23s	Undergrad Investigations	ARR	Douglas Van Citters	N/A	N/A	N/A	N/A	N/A
ENGS	88	23s	Honors Thesis	ARR	Douglas Van Citters	N/A	N/A	N/A	N/A	N/A
ENGS	93	23s	Statistical Mthds in Engg	10A	Vikrant Vaze	N/A	QDS	N/A	N/A	N/A
ENVS	7.15	23s	Future of Food	12	Sarah Smith	N/A	N/A	N/A	N/A	N/A
ENVS	7.17	23s	Nature-based Solutions	10A	Morgan Peach	N/A	N/A	N/A	N/A	N/A
ENVS	12	23s	Energy and the Environment	2A	Morgan Peach	N/A	TAS	N/A	N/A	N/A
ENVS	15	23s	EnvironIssue:Earth'sColdRgn	10	Ross Virginia	N/A	TAS	N/A	N/A	N/A
ENVS	20	23s	Conservation&Biodiversity	12	Douglas Bolger	N/A	TAS	N/A	N/A	N/A
ENVS	26	23s	Soil Ecological Systems	10A	Veer Chaudhary	N/A	SCI	N/A	N/A	N/A
ENVS	50	23s	Env Prob Analysis&Plcy Fmtn	10A	Michael Cox	N/A	SOC	N/A	N/A	N/A
ENVS	55	23s	Ecological Economics	11	Richard Howarth	N/A	SOC	N/A	N/A	N/A
ENVS	80.08	23s	Science Policy & Diplomacy	12	Melody Burkins	N/A	SOC	N/A	N/A	N/A
ENVS	90	23s	Independent Study&Research	ARR	Douglas Bolger	N/A	N/A	N/A	N/A	N/A
ENVS	91	23s	Thesis Research ENVS I	ARR	Douglas Bolger	N/A	N/A	N/A	N/A	N/A
ENVS	92	23s	Thesis Research in ENVS II	ARR	Douglas Bolger	N/A	N/A	N/A	N/A	N/A
FILM	7.21	23s	Zombie Media	3B	John Bell	N/A	N/A	N/A	N/A	N/A
FILM	23	23s	Film Hist IV: 1990-Present	3A	Mary Desjardins	W	N/A	N/A	N/A	N/A
FILM	34	23s	Writing for the Screen II	10A	William Phillips	N/A	ART	N/A	N/A	N/A
FILM	37	23s	Directing for the Camera	3B	Shevaun Mizrahi	N/A	ART	N/A	N/A	N/A
FILM	42.14	23s	Mexican Cinema	3A	Desiree Garcia	NW	ART	LACS 024 01	N/A	N/A
FILM	42.23	23s	Travelers and Tourists	11	Heidi Denzel	W	INT	COLT 57.13 01	N/A	N/A
FILM	44.04	23s	Sound: Practice and Theory	2A	Jodie Mack	W	ART	N/A	N/A	N/A
FILM	44.06	23s	Storytelling/Digital Age	11	Jennie Chamberlain	N/A	ART	N/A	N/A	N/A
FILM	44.1	23s	Writing for Television	10A	Eugenie Carabatsos	N/A	ART	CRWT 41.01 01	N/A	N/A
FILM	45	23s	US Television History	10	Jennie Chamberlain	W	ART	N/A	N/A	N/A
FILM	47.05	23s	History of Documentary	2A	Shevaun Mizrahi	W	ART	N/A	N/A	NR Eligible
FILM	48.06	23s	Media and Migration	2A	Roopika Risam	N/A	N/A	COLT 62.09 01	N/A	N/A
FILM	80	23s	Independent Study	ARR	Lynn Higgins	N/A	N/A	N/A	N/A	N/A
FILM	93	23s	Major Project	6B	Jodie Mack	N/A	N/A	N/A	N/A	N/A
FILM	96	23s	Honors Project II	6B	Jodie Mack	N/A	N/A	N/A	N/A	N/A
FREN	1	23s	Introductory French I	11	Maureen Doyle	N/A	N/A	N/A	N/A	N/A
FREN	2	23s	Introductory French II	9L	Kelly McConnell	N/A	N/A	N/A	N/A	N/A
FREN	2	23s	Introductory French II	10	Kelly McConnell	N/A	N/A	N/A	N/A	N/A
FREN	3	23s	Intermediate French	10	Sandra Mefoude Obiono	N/A	N/A	N/A	N/A	N/A
FREN	3	23s	Intermediate French	9L	Brigitte Mosenthal	N/A	N/A	N/A	N/A	N/A
FREN	8	23s	Exploring Fren Culture&Lang	2	Sandra Mefoude Obiono	W	SOC	N/A	LADV	N/A
FREN	10.16	23s	The Feeling of Love	12	Yasser Elhariry	W	LIT	N/A	N/A	NR Eligible
FREN	11	23s	Intensive French	12	Maureen Doyle	N/A	N/A	N/A	LACC	N/A
FREN	29	23s	French Civilization:FSP	FS	David Laguardia	W	ART	N/A	LADV	N/A
FREN	30	23s	French Literature: FSP	FS	David Laguardia	W	LIT	N/A	LADV	N/A
FREN	31	23s	The French Language:FSP	FS	David Laguardia	W	N/A	N/A	LADV	N/A
FREN	45.01	23s	Dartmouth & Enlightenment	12	Scott Sanders	W	TMV	N/A	LADV	NR Eligible
FREN	70.02	23s	Francophone Literature	2	Yasser Elhariry	N/A	LIT	N/A	LADV	NR Eligible
FRIT	37.04	23s	European Fairy Tales	10	Nancy Canepa	W	LIT	COLT 39.03 01	N/A	NR Eligible
GEOG	5.01	23s	Life in the Anthropocene	3A	Corey Lesk	N/A	SCI	N/A	N/A	NR Eligible
GEOG	7.2	23s	Into the Wild	12	Coleen Fox	N/A	N/A	N/A	N/A	N/A
GEOG	9.01	23s	Geographical Info Systems	2A	Xun Shi	N/A	TLA	N/A	N/A	N/A
GEOG	16.01	23s	Climate for Human Security	10A	Justin Mankin	W	SCI	N/A	N/A	NR Eligible
GEOG	17.01	23s	ErthSurfaceProcessLandforms	2	Joanmarie Del Vecchio	N/A	SLA	EARS 033 01	N/A	NR Eligible
GEOG	18.01	23s	Climate Extremes	11	Justin Mankin	N/A	SCI	N/A	N/A	NR Eligible
GEOG	21.01	23s	Global Health&Society	10	Coleen Fox	N/A	N/A	INTS 018 01	N/A	N/A
GEOG	24	23s	Amer Landscapes/Cultures	11	Mona Domosh	CI	SOC	N/A	N/A	N/A
GEOG	29	23s	Global Cities	10A	Erin Collins	NW	N/A	N/A	N/A	NR Eligible
GEOG	30.02	23s	Geographies of Displacement	6B	Son Ca Lam	N/A	SOC	N/A	N/A	N/A
GEOG	40.04	23s	Energy Justice	10A	Sarah Kelly	N/A	N/A	ANTH 50.48 01	N/A	N/A
GEOG	43	23s	Food and Power	2A	Susanne Freidberg	NW	N/A	N/A	N/A	NR Eligible
GEOG	46	23s	Urbanization&Environment	11	David Eisenhauer	N/A	N/A	N/A	N/A	NR Eligible
GEOG	50.04	23s	Remote Sensing Environment	10A	David Lutz	N/A	TAS	N/A	N/A	N/A
GEOG	56	23s	Geog of Health & Disease	10A	Xun Shi	N/A	TAS	N/A	N/A	N/A
GEOG	80.11	23s	Anthropocene Stories	2A	David Eisenhauer	N/A	SOC	N/A	N/A	NR Eligible
GEOG	80.12	23s	Natural Disasters&Env. Hist	2	Sarah Carson	N/A	SOC	HIST 90.19 01	N/A	NR Eligible
GEOG	85	23s	Senior Thesis I	ARR	Christopher Sneddon	N/A	N/A	N/A	N/A	N/A
GEOG	87	23s	Senior Thesis II	ARR	Christopher Sneddon	N/A	N/A	N/A	N/A	N/A
GERM	2	23s	Introductory German cont.	9L	Michael McGillen	N/A	N/A	N/A	N/A	N/A
GERM	3	23s	Introductory German cont.	10	Heidi Denzel	N/A	N/A	N/A	N/A	N/A
GERM	10.03	23s	Understanding German Media	10	Yuliya Komska	W	ART	N/A	LADV	NR Eligible
GERM	14	23s	Into the Woods	9L	Nicolay Ostrau	W	LIT	N/A	N/A	N/A
GERM	82.1	23s	Ghosts and Writing	10A	N/A	W	LIT	N/A	N/A	N/A
GOVT	3	23s	American Political System	2	Mia Costa	W	SOC	N/A	N/A	N/A
GOVT	4	23s	Politics of the World	3A	Martha Johnson	N/A	N/A	N/A	N/A	N/A
GOVT	5	23s	International Politics	10A	Stephen Brooks	N/A	N/A	N/A	N/A	N/A
GOVT	5	23s	International Politics	10	Daryl Press	N/A	N/A	N/A	N/A	N/A
GOVT	5	23s	International Politics	11	Daryl Press	N/A	N/A	N/A	N/A	N/A
GOVT	6	23s	Political Ideas	10	Michelle Clarke	W	TMV	N/A	N/A	N/A
GOVT	7.03	23s	Media and Politics	11	Deborah Brooks	N/A	N/A	N/A	N/A	N/A
GOVT	10	23s	Quantit Political Analysis	3A	Mia Costa	N/A	QDS	N/A	N/A	N/A
GOVT	16	23s	Data Visualization	10A	Yusaku Horiuchi	N/A	TLA	QSS 017 01	N/A	N/A
GOVT	16	23s	Data Visualization	2A	Yusaku Horiuchi	N/A	TLA	QSS 017 02	N/A	N/A
GOVT	20.01	23s	Women and Politics	12	Deborah Brooks	CI	SOC	WGSS 31.04 01	N/A	N/A
GOVT	20.1	23s	Markets and Their Critics	10	Henry Clark	N/A	N/A	SOCY 49.26 01	N/A	N/A
GOVT	20.12	23s	Politics and AI	2A	Adam Breuer	N/A	QDS	N/A	N/A	N/A
GOVT	30.04	23s	Pol Misinfo&ConspircyTheory	10A	Brendan Nyhan	N/A	SOC	N/A	N/A	N/A
GOVT	30.09	23s	Law, Courts, and Judges	2A	Herschel Nachlis	W	TMV	PBPL 028 01	N/A	N/A
GOVT	30.12	23s	Affirmative Action in HEduc	10A	Melissa Herman	CI	SOC	EDUC 035 01, PBPL 027 01	N/A	N/A
GOVT	40.15	23s	Commodities,Globaliztn,Devl	11	Peter DeShazo	NW	INT	LACS 50.08 01	N/A	N/A
GOVT	40.2	23s	Immigration Politics	11	Jeremy Ferwerda	W	SOC	N/A	N/A	N/A
GOVT	40.23	23s	Energy & Society of Mid Eas	2A	Diederik Vandewalle, Chad Elias	NW	INT	MES 04.01 01	N/A	N/A
GOVT	40.3	23s	Lang,Politics,Powr Mid East	10A	Lewis Glinert	CI	N/A	MES 16.12 01	N/A	N/A
GOVT	40.31	23s	History Culture Labor Camps	11	Sergei Kan	W	SOC	COCO 039 01	N/A	N/A
GOVT	50.19	23s	Development Under Fire	2A	Jason Lyall	NW	N/A	N/A	N/A	N/A
GOVT	58	23s	Intl Political Economy	11	Michael Mastanduno	N/A	N/A	N/A	N/A	N/A
GOVT	60.04	23s	Ethics & Public Policy	10A	Julie Rose	W	TMV	PBPL 042 01	N/A	N/A
GOVT	60.17	23s	Arab Political Thought	10A	Ezzedine Fishere	NW	N/A	MES 12.05 01	N/A	N/A
GOVT	67	23s	Civ. Librty Legl&Norm Aprch	3B	Sonu Bedi	W	N/A	N/A	N/A	N/A
GOVT	69	23s	Federal Indian Law	10A	N Bruce Duthu	NW	SOC	NAIS 050 01	N/A	N/A
GOVT	80	23s	Readings in Government	12	Benjamin Valentino	N/A	N/A	N/A	N/A	N/A
GOVT	80	23s	Readings in Government	11	Benjamin Valentino	N/A	N/A	N/A	N/A	N/A
GOVT	81.16	23s	Populism in Europe	3A	Jeremy Ferwerda	W	N/A	N/A	N/A	N/A
GOVT	83.21	23s	Experiments in Politics	2	Brendan Nyhan	N/A	QDS	QSS 30.03 01	N/A	N/A
GOVT	83.24	23s	Inequality & Amer Democracy	3B	Herschel Nachlis	W	SOC	PBPL 84.04 01	N/A	N/A
GOVT	83.3	23s	Ethnoracial Identities	2A	Amanda d'Urso	CI	QDS	QSS 30.23 01	N/A	N/A
GOVT	84.41	23s	China Economic Superpower	3A	Diederik Vandewalle	NW	N/A	N/A	N/A	N/A
GOVT	85.08	23s	US Security Plcy in 21st C.	2A	Stephen Brooks	N/A	N/A	N/A	N/A	N/A
GOVT	85.15	23s	Economic Statecraft in IR	10A	Michael Mastanduno	N/A	INT	N/A	N/A	N/A
GOVT	85.44	23s	War and Society	10A	Jason Lyall	N/A	N/A	N/A	N/A	N/A
GOVT	85.45	23s	Psychology of Intl Security	3A	N/A	N/A	N/A	N/A	N/A	N/A
GOVT	85.46	23s	UN in the Global Arena	10A	N/A	N/A	N/A	INTS 80.02 01	N/A	N/A
GOVT	86.44	23s	American Public World	3B	Amy Schiller	N/A	SOC	N/A	N/A	N/A
GOVT	86.5	23s	Roman Political Thought	3A	Michelle Clarke	N/A	TMV	N/A	N/A	N/A
GOVT	93	23s	Washington DC-Internship	FS	Lisa Baldez	N/A	SOC	N/A	N/A	N/A
GOVT	94	23s	Washington DC	FS	Lisa Baldez	W	SOC	N/A	N/A	N/A
GOVT	95	23s	Washington DC	FS	Lisa Baldez	W	SOC	N/A	N/A	N/A
GOVT	99	23s	Honors Thesis	2	Benjamin Valentino, Lucas Swaine	N/A	N/A	N/A	N/A	N/A
GOVT	99	23s	Honors Thesis	ARR	Lucas Swaine, Benjamin Valentino	N/A	N/A	N/A	N/A	N/A
GRK	1.02	23s	Intensive Greek	9S	Hakan Tell	N/A	N/A	N/A	N/A	N/A
GRK	3	23s	Intermediate Greek	9S	Lindsay Whaley	N/A	N/A	N/A	N/A	N/A
GRK	3.02	23s	Intensive Greek	12	Hakan Tell	N/A	N/A	N/A	N/A	N/A
GRK	29	23s	New Testament	10	Lindsay Whaley	W	TMV	N/A	LADV	NR Eligible
GRK	85	23s	Independ Reading&Research	ARR	Margaret Graver	N/A	N/A	N/A	N/A	N/A
HEBR	3	23s	1st Yr Course in Mod Hebrew	9L	Nurit Ben-Yehuda	N/A	N/A	N/A	N/A	N/A
HEBR	22	23s	Intermediate Hebrew	ARR	Nurit Ben-Yehuda	NW	LIT	N/A	LADV	N/A
HIST	4.01	23s	The Crusades	2	Patrick Meehan	CI	N/A	N/A	N/A	NR Eligible
HIST	4.03	23s	Modern Mid East & N Africa	12	Andrew Simon	NW	SOC	MES 02.03 01	N/A	NR Eligible
HIST	7.33	23s	Reading Lincoln	2	Leslie Butler	N/A	N/A	N/A	N/A	N/A
HIST	7.36	23s	Green New Deal History	9L	Stefan Link	N/A	N/A	N/A	N/A	N/A
HIST	7.37	23s	Race, Nation, and Ethnicity	9L	Darryl Barthe	N/A	N/A	N/A	N/A	N/A
HIST	8.06	23s	Food History	9L	Matthew Garcia	W	SOC	LATS 008 01	N/A	N/A
HIST	10.03	23s	Dartmouth Vietnam Project	2	Edward Miller	N/A	N/A	N/A	N/A	NR Eligible
HIST	12	23s	The Civil War Era	11	Robert Bonner	W	SOC	N/A	N/A	NR Eligible
HIST	15	23s	AmIndian&Expansion1800-1924	10	Colin Calloway	NW	SOC	NAIS 015 01	N/A	NR Eligible
HIST	19	23s	US Political Hist 20th Cent	12	Annelise Orleck	W	SOC	N/A	N/A	NR Eligible
HIST	20	23s	Am Thought&Culture to 1865	10	Leslie Butler	W	TMV	N/A	N/A	NR Eligible
HIST	22	23s	Civil Rights US in 20thC	11	Darryl Barthe	CI	SOC	AAAS 80.06 01	N/A	N/A
HIST	25.03	23s	US & the World Since 1945	11	Jennifer Miller, Edward Miller	W	N/A	N/A	N/A	NR Eligible
HIST	28	23s	American Women in 20th C	2	Annelise Orleck	CI	SOC	WGSS 23.02 01	N/A	NR Eligible
HIST	36	23s	Health Care In Am Society	11	Allen Koop	W	SOC	N/A	N/A	NR Eligible
HIST	40.02	23s	Intellectual Hist Capitalsm	6B	Stefan Link	W	TMV	N/A	N/A	N/A
HIST	44.02	23s	Arts of Power	10	M Cecilia Gaposchkin	W	SOC	N/A	N/A	NR Eligible
HIST	47	23s	The French Revolution	2	Darrin McMahon	W	SOC	N/A	N/A	NR Eligible
HIST	50	23s	Modern Britain 1780-Present	10	Carl Estabrook	W	SOC	N/A	N/A	NR Eligible
HIST	55	23s	The Russian Revolution	10	Stuart Finkel	W	SOC	RUSS 50.02 01	N/A	NR Eligible
HIST	61	23s	Britain and the Sea	2A	Carl Estabrook	W	N/A	N/A	N/A	NR Eligible
HIST	63.02	23s	Material Culture of Science	10A	Whitney Robles	W	TAS	N/A	N/A	NR Eligible
HIST	66	23s	Hist of Africa since 1800	12	Clifford Campbell	NW	SOC	AAAS 015 01	N/A	NR Eligible
HIST	76	23s	ColIndia to Post Ind SoAsia	12	Douglas Haynes	NW	N/A	ASCL 54.08 01	N/A	NR Eligible
HIST	78.03	23s	The Two Koreas,1948-Present	12	Soyoung Suh	NW	SOC	ASCL 64.05 01	N/A	N/A
HIST	90.19	23s	Natural Disasters&Env. Hist	2	Sarah Carson	N/A	SOC	GEOG 80.12 01	N/A	NR Eligible
HIST	92.02	23s	Nat'lism & Revolution Carib	2A	Marvin Chochotte	NW	N/A	AAAS 062 01	N/A	N/A
HIST	92.03	23s	Slvry&Emanc LatinAmer&Carib	10A	Marvin Chochotte	NW	N/A	AAAS 060 01, LACS 058 01	N/A	NR Eligible
HIST	94.09	23s	Hist/Cultre Jews:Mod Period	2A	Susannah Heschel	CI	SOC	JWST 011 01	N/A	NR Eligible
HIST	96.21	23s	Pol & Soc in Colonial Amer	3B	Paul Musselwhite	W	TMV	N/A	N/A	N/A
HIST	96.25	23s	WWII in the Pacific 1931-45	2A	Jennifer Miller	W	INT	N/A	N/A	N/A
HIST	96.27	23s	Great Historians	6B	Darrin McMahon	W	SOC	N/A	N/A	N/A
HIST	96.4	23s	War and Peace in Korea	10A	Soyoung Suh	NW	SOC	ASCL 80.09 01	N/A	N/A
HIST	97	23s	Independent Study	ARR	M Cecilia Gaposchkin	N/A	N/A	N/A	N/A	N/A
HIST	99.02	23s	Thesis II	ARR	Paul Musselwhite	N/A	N/A	N/A	N/A	N/A
HUM	3.06	23s	Arabs, Jews and Modernity	6B	Susannah Heschel, Tarek El-Ariss	NW	N/A	JWST 42.11 01, MES 17.19 01	N/A	NR Eligible
INTS	17.16	23s	Times of Crisis	12	Annabel Martin	CI	SOC	COLT 67.07 01, WGSS 66.01 01	N/A	N/A
INTS	18	23s	Global Health&Society	10	Coleen Fox	N/A	N/A	GEOG 21.01 01	N/A	N/A
INTS	80.02	23s	UN in the Global Arena	10A	N/A	N/A	N/A	GOVT 85.46 01	N/A	N/A
ITAL	1	23s	Introductory Italian I	10	Andrea Zoller	N/A	N/A	N/A	N/A	N/A
ITAL	2	23s	Introductory Italian II	11	Andrea Zoller	N/A	N/A	N/A	N/A	N/A
ITAL	3	23s	Introductory Italian III	12	Giorgio Alberti	N/A	N/A	N/A	N/A	N/A
ITAL	3	23s	Introductory Italian III	11	Giorgio Alberti	N/A	N/A	N/A	N/A	N/A
ITAL	7.09	23s	Italian Briefs	3A	Michael Wyatt	N/A	N/A	N/A	N/A	N/A
ITAL	9	23s	Language Through Culture	10	Giorgio Alberti	W	LIT	N/A	LADV	NR Eligible
ITAL	11	23s	Intensive Italian	10	Matteo Gilebbi	N/A	N/A	N/A	LACC	N/A
ITAL	27.03	23s	Miracolo! Italy, 1958-63	12	Nancy Canepa	W	LIT	N/A	N/A	NR Eligible
JAPN	3	23s	First-Yr Crses in Japanese	9S	Mayumi Ishida	N/A	N/A	N/A	N/A	N/A
JAPN	3	23s	First-Yr Crses in Japanese	9S	Ikuko Washburn	N/A	N/A	N/A	N/A	N/A
JAPN	31	23s	Advanced Japanese	11	Ikuko Washburn	NW	LIT	N/A	LADV	N/A
JAPN	41	23s	Advanced Japanese	11	Mayumi Ishida	NW	LIT	N/A	LADV	NR Eligible
JAPN	49	23s	Ind Adv Stdy Japn Lang&Lit	ARR	Allen Hockley	NW	LIT	N/A	N/A	N/A
JWST	11	23s	Hist/Cultre Jews:Mod Period	2A	Susannah Heschel	CI	SOC	HIST 94.09 01	N/A	NR Eligible
JWST	42.11	23s	Arabs, Jews and Modernity	6B	Susannah Heschel, Tarek El-Ariss	NW	N/A	HUM 03.06 01, MES 17.19 01	N/A	NR Eligible
JWST	45	23s	Soundscapes of Middle East	10	Andrew Simon	NW	N/A	MES 10.10 01	N/A	NR Eligible
JWST	53	23s	Gender and Judaism	6B	Rachel Greenblatt	CI	TMV	REL 19.22 01, WGSS 33.03 01	N/A	NR Eligible
JWST	85	23s	Independ Study & Research	ARR	Susannah Heschel	N/A	N/A	N/A	N/A	NR Eligible
LACS	1	23s	Intro Latin Am & Caribbean	10A	Thamyris Almeida	NW	SOC	N/A	N/A	N/A
LACS	24	23s	Mexican Cinema	3A	Desiree Garcia	NW	ART	FILM 42.14 01	N/A	N/A
LACS	30.08	23s	Race&Gender-Brazilian Film	2A	Thamyris Almeida	CI	INT	N/A	N/A	NR Eligible
LACS	30.19	23s	Consuming Culture	3A	N/A	N/A	SOC	N/A	N/A	N/A
LACS	44.4	23s	On Survivors and Memories	2	Carlos Cortez Minchillo	NW	LIT	COLT 52.05 01	N/A	N/A
LACS	50.08	23s	Commodities,Globaliztn,Devl	11	Peter DeShazo	NW	INT	GOVT 40.15 01	N/A	N/A
LACS	58	23s	Slvry&Emanc LatinAmer&Carib	10A	Marvin Chochotte	NW	N/A	AAAS 060 01, HIST 92.03 01	N/A	NR Eligible
LACS	80.21	23s	Rita Moreno	11	Desiree Garcia	W	ART	N/A	N/A	N/A
LACS	89	23s	Independent Study	ARR	Matthew Garcia	N/A	N/A	N/A	N/A	N/A
LACS	98	23s	Honors Thesis I	ARR	Matthew Garcia	N/A	N/A	N/A	N/A	N/A
LACS	99	23s	Honors Thesis II	ARR	Matthew Garcia	N/A	N/A	N/A	N/A	N/A
LAT	2	23s	LAT 2	10	Maria Gaki	N/A	N/A	N/A	N/A	N/A
LAT	2	23s	LAT 2	9L	Jennifer Lynn	N/A	N/A	N/A	N/A	N/A
LAT	3	23s	LAT 3	9L	Maria Gaki	N/A	N/A	N/A	N/A	N/A
LAT	3	23s	LAT 3	10	Jennifer Lynn	N/A	N/A	N/A	N/A	N/A
LAT	3	23s	LAT 3	10	Bryce Walker	N/A	N/A	N/A	N/A	N/A
LAT	3	23s	LAT 3	9L	Bryce Walker	N/A	N/A	N/A	N/A	N/A
LAT	3	23s	LAT 3	2	Roger Ulrich	N/A	N/A	N/A	N/A	N/A
LAT	18.03	23s	Topics Latin: Countryside	10A	Margaret Graver	W	LIT	N/A	N/A	N/A
LAT	31	23s	The Italian Countryside	10A	Margaret Graver	W	LIT	N/A	LADV	N/A
LAT	85	23s	Independ Reading & Research	ARR	Margaret Graver	N/A	N/A	N/A	N/A	N/A
LATS	8	23s	Food History	9L	Matthew Garcia	W	SOC	HIST 08.06 01	N/A	N/A
LATS	37	23s	Migrant Lives and Labor	2A	Douglas Moody	W	SOC	N/A	N/A	NR Eligible
LATS	89	23s	Independent Study	ARR	Matthew Garcia	N/A	N/A	N/A	N/A	N/A
LATS	98	23s	Honors Thesis I	ARR	Matthew Garcia	N/A	N/A	N/A	N/A	N/A
LATS	99	23s	Honors Thesis II	ARR	Matthew Garcia	N/A	N/A	N/A	N/A	N/A
LING	1	23s	Introductory Linguistics	11	David Peterson	N/A	QDS	N/A	LRP	NR Eligible
LING	1	23s	Introductory Linguistics	2	Timothy Pulju	N/A	QDS	N/A	LRP	NR Eligible
LING	11.03	23s	Language Cultures Mid East	2A	Lewis Glinert	CI	N/A	MES 16.03 01	LRP	N/A
LING	11.19	23s	The Reading Brain	9L	Donna Coch	N/A	SOC	COGS 033 01, EDUC 050 01, PSYC 52.09 01	N/A	N/A
LING	17	23s	Sociolinguistics	10A	James Stanford	CI	SOC	SOCY 49.28 01	LRP	NR Eligible
LING	17	23s	Sociolinguistics	2A	James Stanford	CI	SOC	SOCY 49.28 02	LRP	NR Eligible
LING	21	23s	Phonology	12	Laura McPherson	N/A	QDS	N/A	N/A	NR Eligible
LING	33	23s	Typology	2	David Peterson	N/A	SOC	N/A	N/A	NR Eligible
LING	48	23s	Accelerated Comp Lingustics	11	Rolando Coto Solano	N/A	TAS	COSC 072 01	N/A	N/A
LING	48	23s	Accelerated Comp Lingustics	2	Rolando Coto Solano	N/A	TAS	COSC 072 02	N/A	N/A
LING	80.09	23s	Speech Surrogates	3A	Laura McPherson	NW	ART	N/A	N/A	N/A
LING	85	23s	Independent Study&Research	ARR	James Stanford	N/A	N/A	N/A	N/A	N/A
LING	86	23s	Honors Research	ARR	James Stanford	N/A	N/A	N/A	N/A	N/A
LING	87	23s	Honors Thesis	ARR	James Stanford	N/A	N/A	N/A	N/A	N/A
MATH	8	23s	Calc Func One/Sev Variable	10	Kameron McCombs	N/A	QDS	N/A	N/A	NR Eligible
MATH	8	23s	Calc Func One/Sev Variable	11	Jack Petok	N/A	QDS	N/A	N/A	NR Eligible
MATH	10	23s	Introductory Statistics	2	Bo Su Choi	N/A	QDS	N/A	N/A	NR Eligible
MATH	10	23s	Introductory Statistics	10	Johannes van Erp	N/A	QDS	N/A	N/A	NR Eligible
MATH	10	23s	Introductory Statistics	10A	Bohan Zhou	N/A	QDS	N/A	N/A	NR Eligible
MATH	13	23s	Calc of Vector-Valued Fctns	10	Mikhail Temkin	N/A	QDS	N/A	N/A	NR Eligible
MATH	13	23s	Calc of Vector-Valued Fctns	12	Mikhail Temkin	N/A	QDS	N/A	N/A	NR Eligible
MATH	13	23s	Calc of Vector-Valued Fctns	2	Longmei Shu	N/A	QDS	N/A	N/A	NR Eligible
MATH	17	23s	Intro: Math Beyond Calculus	10	Justin Miller	N/A	QDS	N/A	N/A	NR Eligible
MATH	19	23s	Intro Set Theory	12	Justin Miller	N/A	QDS	N/A	N/A	NR Eligible
MATH	20	23s	Probability	9L	Nadia Lafreniere	N/A	QDS	N/A	N/A	NR Eligible
MATH	22	23s	Linear Algebra w/Applicatns	10	Rosa Orellana	N/A	QDS	N/A	N/A	NR Eligible
MATH	22	23s	Linear Algebra w/Applicatns	11	Rosa Orellana	N/A	QDS	N/A	N/A	NR Eligible
MATH	22	23s	Linear Algebra w/Applicatns	2	N/A	N/A	QDS	N/A	N/A	NR Eligible
MATH	23	23s	Differential Equations	11	Mohammad Javad Latifi Jebelli	N/A	QDS	N/A	N/A	NR Eligible
MATH	23	23s	Differential Equations	10A	Ethan Levien	N/A	QDS	N/A	N/A	NR Eligible
MATH	24	23s	Linear Algebra	10	Dana Williams	N/A	QDS	N/A	N/A	NR Eligible
MATH	27	23s	Dynamical Sys w/Application	3B	Dimitrios Giannakis	N/A	QDS	N/A	N/A	N/A
MATH	30.04	23s	Evolutionary Game Theory	10A	Feng Fu	N/A	QDS	QSS 30.04 01	N/A	N/A
MATH	30.04	23s	Evolutionary Game Theory	2A	Feng Fu	N/A	QDS	N/A	N/A	N/A
MATH	38	23s	Graph Theory	9L	Sergi Elizalde	N/A	QDS	N/A	N/A	NR Eligible
MATH	43	23s	Functns of Complex Variable	12	Dana Williams	N/A	QDS	N/A	N/A	NR Eligible
MATH	46	23s	Intro to Applied Math	10A	Peter Mucha	N/A	TAS	N/A	N/A	NR Eligible
MATH	70	23s	Top:Mathematical Statistics	2	Eugene Demidenko	N/A	QDS	N/A	N/A	NR Eligible
MATH	72.02	23s	Lie Groups	10A	Craig Sutton	N/A	QDS	N/A	N/A	N/A
MATH	74	23s	Algebraic Topology	10	Vladimir Chernov	N/A	QDS	N/A	N/A	N/A
MATH	76.01	23s	Topics in Applied Math	10A	Xie He	N/A	QDS	N/A	N/A	NR Eligible
MATH	87	23s	Reading Course	ARR	Dana Williams	N/A	N/A	N/A	N/A	N/A
MATH	97	23s	Undergraduate Research	ARR	Dana Williams	N/A	N/A	N/A	N/A	N/A
MATH	100	23s	Topics in Probability Theory	9L	Peter Winkler	N/A	N/A	N/A	N/A	N/A
MES	2.03	23s	Modern Mid East & N Africa	12	Andrew Simon	NW	SOC	HIST 04.03 01	N/A	NR Eligible
MES	4.01	23s	Energy & Society of Mid Eas	2A	Diederik Vandewalle, Chad Elias	NW	INT	GOVT 40.23 01	N/A	N/A
MES	7.06	23s	Middle Eastern Dilemmas	2A	Ezzedine Fishere	N/A	N/A	N/A	N/A	N/A
MES	10.1	23s	Soundscapes of Middle East	10	Andrew Simon	NW	N/A	JWST 045 01	N/A	NR Eligible
MES	12.05	23s	Arab Political Thought	10A	Ezzedine Fishere	NW	N/A	GOVT 60.17 01	N/A	N/A
MES	12.16	23s	Postwar Art from Mid East	10A	N/A	NW	N/A	ARTH 42.02 01	N/A	N/A
MES	15.09	23s	Languag&Rebellion: Arab Lit	2A	Hoda Barakat	NW	N/A	COLT 51.04 01	N/A	N/A
MES	16.03	23s	Language Cultures Mid East	2A	Lewis Glinert	CI	N/A	LING 11.03 01	LRP	N/A
MES	16.06	23s	Mid East Cultures Americas	3A	Eman Morsi	NW	N/A	COLT 35.03 01	N/A	N/A
MES	16.12	23s	Lang,Politics,Powr Mid East	10A	Lewis Glinert	CI	N/A	GOVT 40.30 01	N/A	N/A
MES	17.09	23s	Modern Islam	11	A. Kevin Reinhart	NW	TMV	REL 16.02 01	N/A	NR Eligible
MES	17.19	23s	Arabs, Jews and Modernity	6B	Susannah Heschel, Tarek El-Ariss	NW	N/A	HUM 03.06 01, JWST 42.11 01	N/A	NR Eligible
MES	19.03	23s	Arab Feminisms	3B	Eman Morsi	NW	N/A	COLT 53.06 01, WGSS 24.01 01	N/A	N/A
MES	85	23s	Independent Research	ARR	Christopher MacEvitt	N/A	N/A	N/A	N/A	N/A
MES	87	23s	Honors Thesis	ARR	Christopher MacEvitt	N/A	N/A	N/A	N/A	N/A
MES	89	23s	Senior Honors Thesis part 2	ARR	Christopher MacEvitt	N/A	N/A	N/A	N/A	N/A
MUS	1	23s	Beginning Music Theory	10	Michael Zsoldos	N/A	ART	N/A	N/A	NR Eligible
MUS	2	23s	The Music of Today	12	Kui Dong	W	ART	N/A	N/A	NR Eligible
MUS	3.02	23s	Covers, Theft&Mus Borrowing	2A	Richard Beaudoin	W	ART	N/A	N/A	NR Eligible
MUS	3.08	23s	Music and Democracy	3B	Victoria Aschheim	W	ART	N/A	N/A	NR Eligible
MUS	4	23s	Global Sounds	10A	Theodore Levin	NW	ART	ASCL 70.09 01	N/A	N/A
MUS	8	23s	Program Interactive AV Art	2	Michael Casey	N/A	TLA	COSC 002 01	N/A	NR Eligible
MUS	14.05	23s	Music and AI	10A	Michael Casey	W	TAS	COSC 89.29 01	N/A	N/A
MUS	17.02	23s	Music and Dance of N. India	2A	Theodore Levin, Sandeep Das	NW	ART	ASCL 52.01 01	N/A	N/A
MUS	17.07	23s	Arts Entrepreneurship	3A	Brian Messier	N/A	ART	N/A	N/A	N/A
MUS	18.02	23s	Hip-Hop in the US	10A	Alison Martin	CI	ART	AAAS 39.06 01	N/A	NR Eligible
MUS	21	23s	Melody and Rhythm	11	Rowland Moseley	W	ART	N/A	N/A	NR Eligible
MUS	25	23s	Sonic Arts I	2A	Ashley Fure	N/A	TAS	N/A	N/A	N/A
MUS	30.02	23s	Film Scoring	3A	Kui Dong	N/A	ART	N/A	N/A	NR Eligible
MUS	36	23s	Songwriting 1	3A	N/A	N/A	ART	N/A	N/A	NR Eligible
MUS	50.11	23s	Chamber Music I	ARR	Marcia Cassidy	W	ART	N/A	N/A	N/A
MUS	50.12	23s	Chamber Music II	ARR	Marcia Cassidy	W	ART	N/A	N/A	N/A
MUS	50.13	23s	Chamber Music III	ARR	Marcia Cassidy	W	ART	N/A	N/A	N/A
MUS	50.21	23s	Contemporary Music I	ARR	Amy Garapic	W	ART	N/A	N/A	N/A
MUS	50.22	23s	Contemporary Music II	ARR	Amy Garapic	W	ART	N/A	N/A	N/A
MUS	50.23	23s	Contemporary Music III	ARR	Amy Garapic	W	ART	N/A	N/A	N/A
MUS	50.31	23s	Jazz Improvisation I	ARR	Michael Zsoldos	W	ART	N/A	N/A	N/A
MUS	50.32	23s	Jazz Improvisation II	ARR	Michael Zsoldos	W	ART	N/A	N/A	N/A
MUS	50.33	23s	Jazz Improvisation III	ARR	Michael Zsoldos	W	ART	N/A	N/A	N/A
MUS	50.41	23s	Opera Lab I	ARR	Filippo Ciabatti, Peter Webster	W	ART	N/A	N/A	N/A
MUS	50.42	23s	Opera Lab II	ARR	Filippo Ciabatti, Peter Webster	W	ART	N/A	N/A	N/A
MUS	50.43	23s	Opera Lab III	ARR	Filippo Ciabatti, Peter Webster	W	ART	N/A	N/A	N/A
MUS	51	23s	Oral Tradition Musicianship	2A	Hafiz Farel Shabazz	NW	ART	N/A	N/A	NR Eligible
MUS	52.01	23s	Conducting&Artist Direction	10A	Filippo Ciabatti	N/A	ART	N/A	N/A	NR Eligible
MUS	53.01	23s	IIP Keyboards 1	ARR	Sally Pinkas, Stephanie Rogers, Jesse Taitt	W	ART	N/A	N/A	N/A
MUS	53.02	23s	IIP Keyboards 2	ARR	Sally Pinkas, Stephanie Rogers, Jesse Taitt	W	ART	N/A	N/A	N/A
MUS	53.03	23s	IIP Keyboards 3	ARR	Sally Pinkas, Stephanie Rogers, Jesse Taitt	W	ART	N/A	N/A	N/A
MUS	54.01	23s	IIP Woodwinds 1	ARR	Rachel Braude, Michael Zsoldos, Janet Polk, Jan Halloran	N/A	N/A	N/A	N/A	N/A
MUS	54.02	23s	IIP Woodwinds 2	ARR	Rachel Braude, Michael Zsoldos, Janet Polk, Jan Halloran	N/A	N/A	N/A	N/A	N/A
MUS	54.03	23s	IIP Woodwinds 3	ARR	Rachel Braude, Michael Zsoldos, Janet Polk, Jan Halloran	N/A	ART	N/A	N/A	N/A
MUS	55.01	23s	IIP Brass 1	ARR	Edward Carroll, Patrick Kennelly	N/A	N/A	N/A	N/A	N/A
MUS	55.02	23s	IIP Brass 2	ARR	Edward Carroll, Patrick Kennelly	N/A	N/A	N/A	N/A	N/A
MUS	55.03	23s	IIP Brass 3	ARR	Edward Carroll, Patrick Kennelly	N/A	ART	N/A	N/A	N/A
MUS	56.01	23s	IIP Strings 1	ARR	Marcia Cassidy, Nicholas Browne, Omar Guey, John Dunlop, Jason Ennis	N/A	N/A	N/A	N/A	N/A
MUS	56.02	23s	IIP Strings 2	ARR	Marcia Cassidy, Nicholas Browne, Omar Guey, John Dunlop, Jason Ennis	N/A	N/A	N/A	N/A	N/A
MUS	56.03	23s	IIP Strings 3	ARR	Marcia Cassidy, Nicholas Browne, Omar Guey, John Dunlop, Jason Ennis	N/A	ART	N/A	N/A	N/A
MUS	57.01	23s	IIP Voice 1	ARR	Louis Burkot, Erma Mellinger	N/A	N/A	N/A	N/A	N/A
MUS	57.02	23s	IIP Voice 2	ARR	Louis Burkot, Erma Mellinger	N/A	N/A	N/A	N/A	N/A
MUS	57.03	23s	IIP Voice 3	ARR	Louis Burkot, Erma Mellinger	N/A	ART	N/A	N/A	N/A
MUS	58.01	23s	IIP Percussion 1	ARR	Amy Garapic	N/A	N/A	N/A	N/A	N/A
MUS	58.02	23s	IIP Percussion 2	ARR	Amy Garapic	N/A	N/A	N/A	N/A	N/A
MUS	58.03	23s	IIP Percussion 3	ARR	Amy Garapic	N/A	ART	N/A	N/A	N/A
MUS	59.11	23s	Jazz Ensemble I	ARR	Taylor Bynum	N/A	N/A	N/A	N/A	N/A
MUS	59.12	23s	Jazz Ensemble II	ARR	Taylor Bynum	N/A	N/A	N/A	N/A	N/A
MUS	59.13	23s	Jazz Ensemble III	ARR	Taylor Bynum	N/A	ART	N/A	N/A	N/A
MUS	59.21	23s	Glee Club I	ARR	Filippo Ciabatti	N/A	N/A	N/A	N/A	N/A
MUS	59.22	23s	Glee Club II	ARR	Filippo Ciabatti	N/A	N/A	N/A	N/A	N/A
MUS	59.23	23s	Glee Club III	ARR	Filippo Ciabatti	N/A	ART	N/A	N/A	N/A
MUS	59.41	23s	Handel Society I	ARR	Filippo Ciabatti	N/A	N/A	N/A	N/A	N/A
MUS	59.42	23s	Handel Society II	ARR	Filippo Ciabatti	N/A	N/A	N/A	N/A	N/A
MUS	59.43	23s	Handel Society III	ARR	Filippo Ciabatti	N/A	ART	N/A	N/A	N/A
MUS	59.51	23s	Symphony Orchestra I	ARR	Filippo Ciabatti	N/A	N/A	N/A	N/A	N/A
MUS	59.52	23s	Symphony Orchestra II	ARR	Filippo Ciabatti	N/A	N/A	N/A	N/A	N/A
MUS	59.53	23s	Symphony Orchestra III	ARR	Filippo Ciabatti	N/A	ART	N/A	N/A	N/A
MUS	59.61	23s	Wind Ensemble I	ARR	Brian Messier	N/A	N/A	N/A	N/A	N/A
MUS	59.62	23s	Wind Ensemble II	ARR	Brian Messier	N/A	N/A	N/A	N/A	N/A
MUS	59.63	23s	Wind Ensemble III	ARR	Brian Messier	N/A	ART	N/A	N/A	N/A
MUS	60	23s	Advanced Study/Keyboard	ARR	Sally Pinkas, Stephanie Rogers, Jesse Taitt	N/A	ART	N/A	N/A	N/A
MUS	61	23s	Advanced Study/Woodwinds	ARR	Rachel Braude, Michael Zsoldos, Janet Polk, Jan Halloran	N/A	ART	N/A	N/A	N/A
MUS	62	23s	Advanced Study/Brass	ARR	Edward Carroll, Patrick Kennelly	N/A	ART	N/A	N/A	N/A
MUS	63	23s	Advanced Study/Strings	ARR	Marcia Cassidy, Nicholas Browne, Omar Guey, John Dunlop, Jason Ennis	N/A	ART	N/A	N/A	N/A
MUS	64	23s	Advanced Study/Voice	ARR	Louis Burkot, Erma Mellinger	N/A	ART	N/A	N/A	N/A
MUS	65	23s	Advanced Study/Percussion	ARR	Amy Garapic	N/A	ART	N/A	N/A	N/A
MUS	70	23s	Perspectives:Mus Performnce	FS	Sally Pinkas	N/A	ART	N/A	N/A	N/A
MUS	74	23s	HistofMusic-Central Europe	FS	Sally Pinkas	W	ART	N/A	N/A	N/A
MUS	82	23s	Musicology/Ethnomusicology	ARR	Theodore Levin	N/A	ART	N/A	N/A	NR Eligible
MUS	83	23s	Sp Studies:Compositn&Theory	ARR	Theodore Levin	N/A	ART	N/A	N/A	NR Eligible
MUS	84	23s	Special Study: Performance	ARR	Theodore Levin	N/A	ART	N/A	N/A	NR Eligible
MUS	86	23s	Other Special Studies	ARR	Theodore Levin	N/A	ART	N/A	N/A	NR Eligible
MUS	87	23s	Sp Studies Music Abroad FSP	FS	Sally Pinkas	N/A	ART	N/A	N/A	N/A
MUS	88	23s	Honors	ARR	Theodore Levin	N/A	N/A	N/A	N/A	N/A
NAIS	8	23s	Perspectives-Nat Am Studies	10	Raymond Orr	CI	SOC	N/A	N/A	N/A
NAIS	15	23s	AmIndian&Expansion1800-1924	10	Colin Calloway	NW	SOC	HIST 015 01	N/A	NR Eligible
NAIS	21	23s	Indig People Political Econ	3A	Raymond Orr	N/A	N/A	N/A	N/A	N/A
NAIS	30.26	23s	Indigenous Geographies	10A	Elan Pochedley	NW	TMV	N/A	N/A	N/A
NAIS	30.27	23s	Imagining Siberia	2A	Tatiana Filimonova	NW	SOC	RUSS 38.23 01	N/A	N/A
NAIS	41	23s	Native Am Literature&Law	2A	N Bruce Duthu	CI	LIT	N/A	N/A	N/A
NAIS	50	23s	Federal Indian Law	10A	N Bruce Duthu	NW	SOC	GOVT 069 01	N/A	N/A
NAIS	85	23s	Independent Study in NAS	ARR	N Bruce Duthu	N/A	N/A	N/A	N/A	N/A
NAIS	86	23s	Independent Research in NAS	ARR	N Bruce Duthu	N/A	N/A	N/A	N/A	N/A
NAIS	87	23s	Native Amer Studies Honors	ARR	N Bruce Duthu	N/A	N/A	N/A	N/A	N/A
PBPL	27	23s	Affirmative Action in HEduc	10A	Melissa Herman	CI	SOC	EDUC 035 01, GOVT 30.12 01	N/A	N/A
PBPL	28	23s	Law, Courts, and Judges	2A	Herschel Nachlis	W	TMV	GOVT 30.09 01	N/A	N/A
PBPL	40	23s	Econ of Public Policymaking	2A	Charles Wheelan	W	SOC	N/A	N/A	NR Eligible
PBPL	41	23s	Writing&Speaking PublicPlcy	2A	Julie Kalish	W	ART	N/A	N/A	N/A
PBPL	42	23s	Ethics & Public Policy	10A	Julie Rose	W	TMV	GOVT 60.04 01	N/A	N/A
PBPL	84.04	23s	Inequality & Amer Democracy	3B	Herschel Nachlis	W	SOC	GOVT 83.24 01	N/A	N/A
PBPL	91	23s	Ind Study Public Policy	ARR	Ronald Shaiko	N/A	N/A	N/A	N/A	N/A
PHIL	1.03	23s	Philosophy and Economics	3B	Ian Cruise	N/A	TMV	N/A	N/A	NR Eligible
PHIL	1.04	23s	God, Darwin and the Cosmos	9L	Peter Lewis	N/A	TMV	N/A	N/A	NR Eligible
PHIL	1.08	23s	Phil of Time & Time Travel	10	James Binkoski	N/A	TMV	N/A	N/A	NR Eligible
PHIL	1.2	23s	Buddhist Philosophy	2	Gregory Seton	NW	TMV	ASCL 51.08 01, REL 41.08 01	N/A	N/A
PHIL	5	23s	Philosophy and Medicine	2	Ann Bumpus	N/A	TMV	N/A	N/A	NR Eligible
PHIL	6	23s	Logic and Language	9S	Timothy Rosenkoetter	N/A	QDS	N/A	N/A	NR Eligible
PHIL	9.06	23s	Ethics Special Relationshps	2A	Esther Rosario	N/A	TMV	N/A	N/A	NR Eligible
PHIL	16.04	23s	Kants Theoretical Project	10A	Timothy Rosenkoetter	W	TMV	N/A	N/A	N/A
PHIL	26	23s	Philosophy and Computers	12	Erik Nelson	N/A	TAS	COGS 026 01	N/A	NR Eligible
PHIL	30	23s	Epistemology & Methodology	11	James Binkoski	N/A	TMV	N/A	N/A	NR Eligible
PHIL	34	23s	Language and Thought	12	Christine Thomas	N/A	TMV	N/A	N/A	NR Eligible
PHIL	40	23s	Race, Gender, Sexuality	3A	Esther Rosario	CI	TMV	N/A	N/A	NR Eligible
PHIL	50.27	23s	Categories	10A	Christine Thomas	N/A	TMV	N/A	N/A	N/A
PHIL	80.06	23s	Images!	2A	John Kulvicki	N/A	TMV	N/A	N/A	N/A
PHIL	87	23s	Research in Philosophy	ARR	Peter Lewis	N/A	N/A	N/A	N/A	N/A
PHIL	89	23s	Honors Program I	ARR	Peter Lewis	N/A	N/A	N/A	N/A	N/A
PHIL	90	23s	Honors Program II	ARR	Peter Lewis	N/A	N/A	N/A	N/A	N/A
PHYS	1	23s	UnderstandingUniverse w/Lab	12	Marcelo Gleiser	N/A	SLA	N/A	N/A	NR Eligible
PHYS	2	23s	Understanding the Universe	12	Marcelo Gleiser	N/A	SCI	N/A	N/A	NR Eligible
PHYS	4	23s	General Physics II	12	Kristina Lynch	N/A	SLA	N/A	N/A	NR Eligible
PHYS	14	23s	Introductory Physics II	10	James LaBelle, Rufus Boyack	N/A	SLA	N/A	N/A	N/A
PHYS	14	23s	Introductory Physics II	11	James LaBelle	N/A	SLA	N/A	N/A	N/A
PHYS	16	23s	Intro Physics II: Honors	10	Robyn Millan	N/A	SLA	N/A	N/A	N/A
PHYS	19	23s	Relativistic & Quantum Phys	9L	N/A	N/A	SCI	N/A	N/A	NR Eligible
PHYS	40	23s	Quantum Physics of Matter	10	Roberto Onofrio	N/A	SCI	N/A	N/A	NR Eligible
PHYS	48	23s	Electrncs:Lnr&Dgtl Circuits	11	Charles Sullivan	N/A	TLA	ENGS 032 01	N/A	N/A
PHYS	50	23s	Intro Quantum Mechanics	2	Miles Blencowe	N/A	SCI	N/A	N/A	NR Eligible
PHYS	66	23s	RelativisticElectrodynamics	10A	Yi-Hsin Liu	N/A	SCI	N/A	N/A	NR Eligible
PHYS	75	23s	Quantum Comptatn&Informatn	11	Chandrasekhar Ramanathan	N/A	QDS	N/A	N/A	NR Eligible
PHYS	76	23s	Methods Experimental Phys	2A	Alexander Rimberg	N/A	SLA	N/A	N/A	NR Eligible
PHYS	85	23s	Reading Course	ARR	Ryan Hickox	N/A	N/A	N/A	N/A	N/A
PHYS	87	23s	Undergraduate Research	ARR	Ryan Hickox	N/A	N/A	N/A	N/A	N/A
PHYS	92	23s	Physics of Early Universe	2A	Robert Caldwell	N/A	SCI	N/A	N/A	NR Eligible
PORT	11	23s	Intensive Portuguese	11	Rodolfo Franconi	N/A	N/A	N/A	LACC	N/A
PORT	20	23s	Portuguese Speaking World	12	Rodolfo Franconi	CI	LIT	N/A	LADV	N/A
PSYC	1	23s	Introductory Psychology	10	Tor Wager, Thalia Wheatley	N/A	SOC	N/A	N/A	NR Eligible
PSYC	7.02	23s	Brain Evolution	2A	Richard Granger	N/A	N/A	N/A	N/A	N/A
PSYC	10	23s	Exp Design & Methodology	2	Jay Hull	N/A	QDS	N/A	N/A	N/A
PSYC	11	23s	Lab in Psyc Science	12	Kelly Finn	N/A	SLA	N/A	N/A	N/A
PSYC	22	23s	Learning	9L	Lucas Dwiel	N/A	SOC	N/A	N/A	NR Eligible
PSYC	28	23s	Cognitive Psychology	2	Viola Stoermer	N/A	SOC	COGS 002 01	N/A	N/A
PSYC	36	23s	Systems Neuroscience w/Lab	10	Jeffrey Taube	N/A	SLA	N/A	N/A	N/A
PSYC	50.03	23s	Neuroethology	12	Jeffrey Stott	N/A	SCI	N/A	N/A	NR Eligible
PSYC	50.09	23s	Motivation,Drugs&Addiction	11	Kyle Smith	N/A	SCI	N/A	N/A	NR Eligible
PSYC	52.06	23s	Typical & Atypical Neurodev	2A	Caroline Robertson	N/A	SCI	N/A	N/A	N/A
PSYC	52.09	23s	The Reading Brain	9L	Donna Coch	N/A	SOC	COGS 033 01, EDUC 050 01, LING 11.19 01	N/A	N/A
PSYC	53.1	23s	Social Affective Decision	11	Luke Chang	N/A	SOC	N/A	N/A	NR Eligible
PSYC	54.03	23s	Forms of Therapy	10A	William Hudenko	N/A	SOC	N/A	N/A	NR Eligible
PSYC	60	23s	Brain Mapping with fMRI	2A	Jeffrey Knotts	N/A	TLA	N/A	N/A	N/A
PSYC	70	23s	Neuroscience Research	ARR	Matthijs van der Meer	N/A	N/A	N/A	N/A	N/A
PSYC	80.06	23s	Brain Evolution Seminar	10A	Richard Granger	N/A	N/A	N/A	N/A	N/A
PSYC	81.08	23s	Animal Cognition	3A	Matthijs van der Meer	N/A	N/A	N/A	N/A	N/A
PSYC	81.13	23s	Persuasion and Propaganda	2A	Peter Tse	N/A	N/A	N/A	N/A	N/A
PSYC	83.08	23s	Social And Neural Networks	10A	Mark Thornton	N/A	N/A	N/A	N/A	N/A
PSYC	88	23s	Independent Psych Research	ARR	Catherine Cramer	N/A	N/A	N/A	N/A	N/A
PSYC	89.01	23s	Honors Psych Research I	ARR	Catherine Cramer	N/A	N/A	N/A	N/A	N/A
PSYC	89.02	23s	Honors Psych Research II	ARR	Catherine Cramer	N/A	N/A	N/A	N/A	N/A
PSYC	90	23s	Ind. Neuroscience Research	ARR	Matthijs van der Meer	N/A	N/A	N/A	N/A	N/A
PSYC	91.01	23s	Honors Neurosci Research I	ARR	Matthijs van der Meer	N/A	N/A	N/A	N/A	N/A
PSYC	91.02	23s	Honors Neurosci Research II	ARR	Matthijs van der Meer	N/A	N/A	N/A	N/A	N/A
QSS	17	23s	Data Visualization	10A	Yusaku Horiuchi	N/A	TLA	GOVT 016 01	N/A	N/A
QSS	17	23s	Data Visualization	2A	Yusaku Horiuchi	N/A	TLA	GOVT 016 02	N/A	N/A
QSS	19	23s	Advanced Data Visualization	2A	Robert Cooper	N/A	N/A	N/A	N/A	N/A
QSS	30.03	23s	Experiments in Politics	2	Brendan Nyhan	N/A	QDS	GOVT 83.21 01	N/A	N/A
QSS	30.04	23s	Evolutionary Game Theory	10A	Feng Fu	N/A	QDS	MATH 30.04 01	N/A	N/A
QSS	30.04	23s	Evolutionary Game Theory	2A	Feng Fu	N/A	QDS	N/A	N/A	N/A
QSS	30.17	23s	Gender (In)equality	2A	Kristin Smith	W	SOC	SOCY 061 01, WGSS 33.05 01	N/A	N/A
QSS	30.22	23s	Computational CompLit	10A	Laura Chapot	N/A	N/A	COLT 70.06 01	LRP	N/A
QSS	30.23	23s	Ethnoracial Identities	2A	Amanda d'Urso	CI	QDS	GOVT 83.30 01	N/A	N/A
QSS	41	23s	Analysis of Social Networks	10	Peter DeWan	N/A	QDS	N/A	N/A	N/A
QSS	82	23s	Major One Quarter Project	3A	Robert Cooper	N/A	N/A	N/A	N/A	N/A
RAD	5	23s	Anat & Phy w Pathology for Sci	ARR	Marthony Robins	N/A	N/A	N/A	N/A	N/A
REL	1.08	23s	Religion of Things	2	Darryl Wilkinson	N/A	TMV	N/A	N/A	NR Eligible
REL	1.11	23s	Sisters, Sages, and Seekers	12	Sara Swenson	N/A	TMV	N/A	N/A	NR Eligible
REL	16.02	23s	Modern Islam	11	A. Kevin Reinhart	NW	TMV	MES 17.09 01	N/A	NR Eligible
REL	19.22	23s	Gender and Judaism	6B	Rachel Greenblatt	CI	TMV	JWST 053 01, WGSS 33.03 01	N/A	NR Eligible
REL	20.07	23s	Archaeologies of Religion	11	Darryl Wilkinson	NW	N/A	ANTH 50.37 01	N/A	N/A
REL	41.04	23s	Buddhist Meditation Theory	10	Gregory Seton	NW	TMV	ASCL 70.20 01	N/A	N/A
REL	41.07	23s	Buddhism Sex Gender SE Asia	3A	Sara Swenson	NW	TMV	ASCL 51.06 01	N/A	N/A
REL	41.08	23s	Buddhist Philosophy	2	Gregory Seton	NW	TMV	ASCL 51.08 01, PHIL 01.20 01	N/A	N/A
REL	42	23s	Goddesses of India	2	Reiko Ohnuma	NW	TMV	WGSS 43.04 01	N/A	N/A
REL	48	23s	Body&Sex in Chinese Rels	2A	Gil Raz	NW	TMV	WGSS 43.05 01	N/A	N/A
REL	80.12	23s	Religions on the Silk Road	10A	Gil Raz	NW	TMV	N/A	N/A	N/A
REL	82	23s	Joint Research-Rel Studies	ARR	Reiko Ohnuma	N/A	N/A	N/A	N/A	N/A
REL	83	23s	Independent Study Religion	ARR	Reiko Ohnuma	N/A	N/A	N/A	N/A	N/A
REL	84	23s	Advanced Independent Study	ARR	Reiko Ohnuma	N/A	N/A	N/A	N/A	N/A
REL	87	23s	Honors	ARR	Reiko Ohnuma	N/A	N/A	N/A	N/A	N/A
RUSS	3	23s	Introductory Russian	11	Alfia Rakova	N/A	N/A	N/A	N/A	N/A
RUSS	29	23s	Intermediate Russian III	12	Alfia Rakova	N/A	N/A	N/A	LADV	N/A
RUSS	38.1	23s	Modern Conspiracy	10A	Lynn Patyk	W	N/A	COLT 63.02 01	N/A	NR Eligible
RUSS	38.23	23s	Imagining Siberia	2A	Tatiana Filimonova	NW	SOC	NAIS 30.27 01	N/A	N/A
RUSS	50.02	23s	The Russian Revolution	10	Stuart Finkel	W	SOC	HIST 055 01	N/A	NR Eligible
RUSS	71.01	23s	Med Res & Creative Writ	12	Jasmina Savic	W	LIT	N/A	LADV	N/A
RUSS	85	23s	Independent Reading	ARR	Lynn Patyk	N/A	N/A	N/A	N/A	N/A
RUSS	87	23s	Thesis	ARR	Lynn Patyk	N/A	N/A	N/A	N/A	N/A
SART	15	23s	Drawing I	2A	Oona Gardner	N/A	ART	N/A	N/A	N/A
SART	16	23s	Sculpture I	10A	Soo Park	N/A	ART	N/A	N/A	N/A
SART	16	23s	Sculpture I	2A	Soo Park	N/A	ART	N/A	N/A	N/A
SART	20	23s	Drawing II	10A	Matthew Siegle	N/A	ART	N/A	N/A	N/A
SART	22	23s	Figure Drawing	2A	Gerald Auten	N/A	ART	N/A	N/A	N/A
SART	25	23s	Painting I	10A	Jennifer Caine	N/A	ART	N/A	N/A	N/A
SART	27	23s	Printmaking I	10A	Abra Ancliffe	N/A	ART	N/A	N/A	N/A
SART	28	23s	Printmaking II	10A	Abra Ancliffe	N/A	ART	N/A	N/A	N/A
SART	29	23s	Photography I	10A	Eva O'Leary	N/A	ART	N/A	N/A	N/A
SART	30	23s	Photography II	2A	Virginia Beahan	N/A	ART	N/A	N/A	N/A
SART	31	23s	Painting II	2A	Colleen Randall	N/A	ART	N/A	N/A	N/A
SART	65	23s	Architecture I	10A	Timothy Olson	N/A	ART	N/A	N/A	N/A
SART	71	23s	Drawing III	10A	Matthew Siegle	N/A	ART	N/A	N/A	N/A
SART	72	23s	Painting III	2A	Colleen Randall	N/A	ART	N/A	N/A	N/A
SART	74	23s	Printmaking III	10A	Abra Ancliffe	N/A	ART	N/A	N/A	N/A
SART	75	23s	Photography III	2A	Virginia Beahan	N/A	ART	N/A	N/A	N/A
SART	77	23s	Senior Seminar II	10A	Karolina Kawiaka	N/A	ART	N/A	N/A	N/A
SART	77	23s	Senior Seminar II	2A	Jennifer Caine	N/A	ART	N/A	N/A	N/A
SART	90	23s	Independent Study	ARR	Tricia Treacy	N/A	ART	N/A	N/A	N/A
SOCY	1	23s	Introductory Sociology	12	Kimberly Rogers	W	SOC	N/A	N/A	NR Eligible
SOCY	10	23s	Quant Analysis Social Data	10A	Kristin Smith	N/A	QDS	N/A	N/A	N/A
SOCY	16	23s	Constructing Social Theory	10	Sunmin Kim	N/A	SOC	N/A	N/A	NR Eligible
SOCY	21	23s	Intro Political Sociology	3A	Lev Grinberg	W	SOC	N/A	N/A	NR Eligible
SOCY	24	23s	Impact of Poverty on Educ	11	Michele Tine	N/A	SOC	EDUC 027 01	N/A	N/A
SOCY	42	23s	Racism in Asian America	10	Emily Walton	CI	SOC	N/A	N/A	N/A
SOCY	49.09	23s	Critical Political Economy	11	Lev Grinberg	N/A	SOC	N/A	N/A	N/A
SOCY	49.26	23s	Markets and Their Critics	10	Henry Clark	N/A	N/A	GOVT 20.10 01	N/A	N/A
SOCY	49.28	23s	Sociolinguistics	10A	James Stanford	CI	SOC	LING 017 01	LRP	NR Eligible
SOCY	49.28	23s	Sociolinguistics	2A	James Stanford	CI	SOC	LING 017 02	LRP	NR Eligible
SOCY	60	23s	Dangerous Intersections	2A	Shaonta' Allen	W	SOC	N/A	N/A	N/A
SOCY	61	23s	Gender (In)equality	2A	Kristin Smith	W	SOC	QSS 30.17 01, WGSS 33.05 01	N/A	N/A
SOCY	80	23s	Independent Study	ARR	Marc Dixon	N/A	N/A	N/A	N/A	N/A
SOCY	90	23s	Senior Ind Study Project	ARR	Marc Dixon	N/A	N/A	N/A	N/A	N/A
SOCY	91	23s	Sociological Imagination	3A	Kimberly Rogers	W	SOC	N/A	N/A	N/A
SOCY	98	23s	Honors Thesis I	ARR	Marc Dixon	N/A	N/A	N/A	N/A	N/A
SOCY	99	23s	Honors Thesis II	ARR	Marc Dixon	N/A	N/A	N/A	N/A	N/A
SPAN	1	23s	Spanish I	9S	Irasema Saucedo	N/A	N/A	N/A	N/A	N/A
SPAN	1	23s	Spanish I	10	Maria De Greiff	N/A	N/A	N/A	N/A	N/A
SPAN	2	23s	Spanish II	9S	Paloma Asensio	N/A	N/A	N/A	N/A	N/A
SPAN	2	23s	Spanish II	10	Paloma Asensio	N/A	N/A	N/A	N/A	N/A
SPAN	2	23s	Spanish II	11	Roberto Rey Agudo	N/A	N/A	N/A	N/A	N/A
SPAN	2	23s	Spanish II	12	Kianny Antigua	N/A	N/A	N/A	N/A	N/A
SPAN	3	23s	Spanish III	9S	Samuel Carter	N/A	N/A	N/A	N/A	N/A
SPAN	3	23s	Spanish III	10	Natalia Monetti	N/A	N/A	N/A	N/A	N/A
SPAN	3	23s	Spanish III	11	Natalia Monetti	N/A	N/A	N/A	N/A	N/A
SPAN	3	23s	Spanish III	12	Rosa Matorras	N/A	N/A	N/A	N/A	N/A
SPAN	3	23s	Spanish III	11	Gema Mayo-Prada	N/A	N/A	N/A	N/A	N/A
SPAN	7.08	23s	Cognitive Don Quixote	2	Paul Carranza	N/A	N/A	N/A	N/A	N/A
SPAN	9	23s	Culture and Conversation	10	Antonio Gomez	N/A	N/A	N/A	LADV	N/A
SPAN	9	23s	Culture and Conversation	11	Rosa Matorras	N/A	N/A	N/A	LADV	N/A
SPAN	15	23s	Latinx Writing&Composition	10	Kianny Antigua	N/A	N/A	N/A	LADV	N/A
SPAN	20	23s	Writ&Read Critical&Cltr App	10	Jose del Pino	N/A	LIT	N/A	LADV	N/A
SPAN	20	23s	Writ&Read Critical&Cltr App	12	Joseph Aguado	N/A	LIT	N/A	LADV	N/A
SPAN	23	23s	Argentine Culture:ContmpryI	FS	Noelia Cirnigliaro	NW	ART	N/A	N/A	N/A
SPAN	30	23s	Intro Hispanic Studies I	12	Isabel Lozano-Renieblas	W	LIT	N/A	N/A	N/A
SPAN	33	23s	Argentine Civilization	FS	Noelia Cirnigliaro	NW	SOC	N/A	N/A	N/A
SPAN	35	23s	Studies Span-Am Lit&Culture	FS	Noelia Cirnigliaro	NW	LIT	N/A	N/A	N/A
SPAN	40.04	23s	Dali, Lorca and Buuel	11	Jose del Pino	N/A	LIT	N/A	N/A	N/A
SPAN	45.02	23s	Diaspora & Econ Imaginaries	12	Magdalena Lopez	NW	LIT	N/A	N/A	N/A
SPAN	50.02	23s	New Sex&Soc Id:Hisp culture	10	Joseph Aguado	CI	LIT	N/A	N/A	N/A
SPAN	60.04	23s	Caribbean Afrodescendancies	2	Magdalena Lopez	CI	LIT	N/A	N/A	N/A
SPAN	80.15	23s	Indignant Spain Today	3A	Annabel Martin	W	LIT	N/A	N/A	N/A
SPAN	90	23s	Honors Course	ARR	Annabel Martin	N/A	N/A	N/A	N/A	N/A
SPEE	20.01	23s	Public Speaking	2A	Joshua Compton	N/A	ART	N/A	N/A	N/A
SPEE	20.03	23s	Public Speaking	10A	Darlene Drummond	N/A	ART	N/A	N/A	N/A
SPEE	20.03	23s	Public Speaking	2A	Darlene Drummond	N/A	ART	N/A	N/A	N/A
SPEE	25	23s	Persuasive Speaking	10A	Joshua Compton	N/A	ART	N/A	N/A	N/A
SPEE	26	23s	New Media Communication	2A	Svetlana Grushina	N/A	ART	N/A	N/A	N/A
SPEE	80	23s	Independent Research	ARR	Joshua Compton	N/A	N/A	N/A	N/A	N/A
THEA	12	23s	Tragedy&Comedy Greece&Rome	2	Florencia Foxley	W	ART	CLST 002 01	N/A	NR Eligible
TUCK	3	23s	Business Mgmt & Strategy	10A	N/A	N/A	N/A	N/A	N/A	N/A
TUCK	3	23s	Business Mgmt & Strategy	2A	N/A	N/A	N/A	N/A	N/A	N/A
WGSS	7.01	23s	Gender in Science Fiction	10	Douglas Moody	N/A	N/A	N/A	N/A	N/A
WGSS	7.02	23s	Masculinities Go In Between	2A	Klaus Milich	N/A	N/A	N/A	N/A	N/A
WGSS	23.02	23s	American Women in 20th C	2	Annelise Orleck	CI	SOC	HIST 028 01	N/A	NR Eligible
WGSS	24.01	23s	Arab Feminisms	3B	Eman Morsi	NW	N/A	COLT 53.06 01, MES 19.03 01	N/A	N/A
WGSS	31.04	23s	Women and Politics	12	Deborah Brooks	CI	SOC	GOVT 20.01 01	N/A	N/A
WGSS	33.03	23s	Gender and Judaism	6B	Rachel Greenblatt	CI	TMV	JWST 053 01, REL 19.22 01	N/A	NR Eligible
WGSS	33.05	23s	Gender (In)equality	2A	Kristin Smith	W	SOC	QSS 30.17 01, SOCY 061 01	N/A	N/A
WGSS	40.05	23s	Feminist Queer Performance	3A	Misty De Berry	CI	ART	N/A	N/A	N/A
WGSS	43.04	23s	Goddesses of India	2	Reiko Ohnuma	NW	TMV	REL 042 01	N/A	N/A
WGSS	43.05	23s	Body&Sex in Chinese Rels	2A	Gil Raz	NW	TMV	REL 048 01	N/A	N/A
WGSS	47.03	23s	Mod American Women Poets	2	Melissa Zeiger	W	LIT	ENGL 55.01 01	N/A	NR Eligible
WGSS	53.07	23s	Language,Gender & Sexuality	2A	Sabrina Billings	N/A	SOC	ANTH 044 01	N/A	N/A
WGSS	65.06	23s	Radical Sexuality	6B	Eng-Beng Lim	NW	N/A	N/A	N/A	N/A
WGSS	65.07	23s	Queer Popular Culture	3A	Eng-Beng Lim	CI	N/A	N/A	N/A	N/A
WGSS	66.01	23s	Times of Crisis	12	Annabel Martin	CI	SOC	COLT 67.07 01, INTS 17.16 01	N/A	N/A
WGSS	66.2	23s	EarlyModLit&HistofSexuality	10A	Matthew Ritger	W	LIT	ENGL 61.03 01	N/A	N/A
WGSS	66.23	23s	Black Women Creative Archv	2A	Kianna Middleton	W	ART	AAAS 81.08 01	N/A	N/A
WGSS	85	23s	Independent Study	ARR	Graziella Parati	N/A	N/A	N/A	N/A	N/A
WGSS	99	23s	Honors Thesis II	ARR	Mingwei Huang	N/A	N/A	N/A	N/A	N/A
WRIT	5	23s	Expository Writing	12	Colleen Lannon	N/A	N/A	N/A	N/A	N/A
WRIT	7.22	23s	Technology and Sport	10A	Rachel Obbard	N/A	N/A	N/A	N/A	N/A
WRIT	7.3	23s	The Female Detective	11	Colleen Lannon	N/A	N/A	N/A	N/A	N/A
WRIT	7.32	23s	Free Speech on College Campus	10	Ellen Rockmore	N/A	N/A	N/A	N/A	N/A
WRIT	7.34	23s	Contemporary Ethical Issues	12	Ann Bumpus	N/A	N/A	N/A	N/A	N/A
WRIT	7.36	23s	Mad Women	10A	Rebecca Clark	N/A	N/A	N/A	N/A	N/A
WRIT	7.37	23s	Anthropogenesis	10A	Christopher Drain	N/A	N/A	N/A	N/A	N/A
WRIT	7.37	23s	Anthropogenesis	2A	Christopher Drain	N/A	N/A	N/A	N/A	N/A
WRIT	7.39	23s	True Crime	10A	Clara Lewis	N/A	N/A	N/A	N/A	N/A
WRIT	7.4	23s	Seriality in Pop Culture	3A	Leigh York	N/A	N/A	N/A	N/A	N/A
WRIT	80	23s	Independent Research	ARR	James Dobson	N/A	N/A	N/A	N/A	N/A